change_category,customer_id,id,is_active,is_first_month,is_last_month,mrr,mrr_change,previous_month_is_active,previous_month_mrr,renewal_amount,date_month,first_active_month,last_active_month
new,38,4d2d5f276a335dca0bbc83f758edbce2,True,True,False,30.0,30.0,False,0.0,0.0,2019-09-01 00:00:00,2019-09-01 00:00:00,2019-11-01 00:00:00
,38,6f4189d82237ceb65817d4720e2e93ef,True,False,False,30.0,0.0,True,30.0,30.0,2019-10-01 00:00:00,2019-09-01 00:00:00,2019-11-01 00:00:00
,38,9c9aba5f1675dace962ff0fd98f63c12,True,False,True,30.0,0.0,True,30.0,30.0,2019-11-01 00:00:00,2019-09-01 00:00:00,2019-11-01 00:00:00
churn,38,3f3075aa7f28e82c242cb4431af45fe1,False,False,False,0.0,-30.0,True,30.0,0.0,2019-12-01 00:00:00,2019-09-01 00:00:00,2019-11-01 00:00:00
new,6,18d92e4f9d2a899607468e0a8b65d388,True,True,False,35.0,35.0,False,0.0,0.0,2018-05-01 00:00:00,2018-05-01 00:00:00,2019-12-01 00:00:00
upgrade,6,0b4d4fb6edea15ddf56925b6a81b1b2f,True,False,False,65.0,30.0,True,35.0,35.0,2018-06-01 00:00:00,2018-05-01 00:00:00,2019-12-01 00:00:00
,6,73ccd35a717e0bf6a756c51a256b0fd5,True,False,False,65.0,0.0,True,65.0,65.0,2018-07-01 00:00:00,2018-05-01 00:00:00,2019-12-01 00:00:00
,6,efffbf1e2f0b2b5d9ab9e803ca91dce0,True,False,False,65.0,0.0,True,65.0,65.0,2018-08-01 00:00:00,2018-05-01 00:00:00,2019-12-01 00:00:00
,6,4100f67f771d11c6537cfa6413b0e60c,True,False,False,65.0,0.0,True,65.0,65.0,2018-09-01 00:00:00,2018-05-01 00:00:00,2019-12-01 00:00:00
,6,7d63aa272dbcc3d3beeccc6f7f42d4bc,True,False,False,65.0,0.0,True,65.0,65.0,2018-10-01 00:00:00,2018-05-01 00:00:00,2019-12-01 00:00:00
,6,ac8baf58ae2913cd59e623b38d6bac7d,True,False,False,65.0,0.0,True,65.0,65.0,2018-11-01 00:00:00,2018-05-01 00:00:00,2019-12-01 00:00:00
,6,dc2189e38f92d69d57d34e431c83c7ee,True,False,False,65.0,0.0,True,65.0,65.0,2018-12-01 00:00:00,2018-05-01 00:00:00,2019-12-01 00:00:00
,6,47692923746268aae89d285676a1f441,True,False,False,65.0,0.0,True,65.0,65.0,2019-01-01 00:00:00,2018-05-01 00:00:00,2019-12-01 00:00:00
,6,1916e5aa263b1ccad9e8841dc9c65435,True,False,False,65.0,0.0,True,65.0,65.0,2019-02-01 00:00:00,2018-05-01 00:00:00,2019-12-01 00:00:00
,6,ca59f0e6f93031e909c3f9410477578b,True,False,False,65.0,0.0,True,65.0,65.0,2019-03-01 00:00:00,2018-05-01 00:00:00,2019-12-01 00:00:00
,6,59c7840344315647a5325e8c722c72d8,True,False,False,65.0,0.0,True,65.0,65.0,2019-04-01 00:00:00,2018-05-01 00:00:00,2019-12-01 00:00:00
,6,63e1e0eaac0e6b60d63a30cdac2014bd,True,False,False,65.0,0.0,True,65.0,65.0,2019-05-01 00:00:00,2018-05-01 00:00:00,2019-12-01 00:00:00
,6,b09bc58bc3a8757e4b12228b1e52988e,True,False,False,65.0,0.0,True,65.0,65.0,2019-06-01 00:00:00,2018-05-01 00:00:00,2019-12-01 00:00:00
,6,e001a5ace5af9c77753c08d2e236917f,True,False,False,65.0,0.0,True,65.0,65.0,2019-07-01 00:00:00,2018-05-01 00:00:00,2019-12-01 00:00:00
,6,f58a51244fcde67e6c8789ccba1d53a5,True,False,False,65.0,0.0,True,65.0,65.0,2019-08-01 00:00:00,2018-05-01 00:00:00,2019-12-01 00:00:00
,6,3bfd1b52a636f91ccfbbff2c2592b66f,True,False,False,65.0,0.0,True,65.0,65.0,2019-09-01 00:00:00,2018-05-01 00:00:00,2019-12-01 00:00:00
,6,f0693db7980bfc1a130947ea4d579c01,True,False,False,65.0,0.0,True,65.0,65.0,2019-10-01 00:00:00,2018-05-01 00:00:00,2019-12-01 00:00:00
,6,ca4ffb29ca6d48c285ed8b9c1fb7d7c1,True,False,False,65.0,0.0,True,65.0,65.0,2019-11-01 00:00:00,2018-05-01 00:00:00,2019-12-01 00:00:00
,6,a35ef2e2bde6df8418975ea67deb48d7,True,False,True,65.0,0.0,True,65.0,65.0,2019-12-01 00:00:00,2018-05-01 00:00:00,2019-12-01 00:00:00
churn,6,9062690250a19624488b6bde350545ad,False,False,False,0.0,-65.0,True,65.0,0.0,2020-01-01 00:00:00,2018-05-01 00:00:00,2019-12-01 00:00:00
new,15,de3498674ec2ecf318f92517d2c34442,True,True,False,30.0,30.0,False,0.0,0.0,2019-02-01 00:00:00,2019-02-01 00:00:00,2019-12-01 00:00:00
,15,82aabe5a3850dadf8cf148b0d1ed3671,True,False,False,30.0,0.0,True,30.0,30.0,2019-03-01 00:00:00,2019-02-01 00:00:00,2019-12-01 00:00:00
,15,7825416e5fc3af18469556c5fb7dae3c,True,False,False,30.0,0.0,True,30.0,30.0,2019-04-01 00:00:00,2019-02-01 00:00:00,2019-12-01 00:00:00
,15,3dcdcfd5185717e45dadc0491b1c1f32,True,False,False,30.0,0.0,True,30.0,30.0,2019-05-01 00:00:00,2019-02-01 00:00:00,2019-12-01 00:00:00
,15,3d17fe8da86e6d60ce5e6fd8f64de321,True,False,False,30.0,0.0,True,30.0,30.0,2019-06-01 00:00:00,2019-02-01 00:00:00,2019-12-01 00:00:00
,15,9fb40ad38586c102af4fb4d97e8159f6,True,False,False,30.0,0.0,True,30.0,30.0,2019-07-01 00:00:00,2019-02-01 00:00:00,2019-12-01 00:00:00
,15,d5be082658fca0a35f05bea195f9d490,True,False,False,30.0,0.0,True,30.0,30.0,2019-08-01 00:00:00,2019-02-01 00:00:00,2019-12-01 00:00:00
,15,eb52681ae9a5affd95de0eb8042751ad,True,False,False,30.0,0.0,True,30.0,30.0,2019-09-01 00:00:00,2019-02-01 00:00:00,2019-12-01 00:00:00
,15,cc499af348da57ecb61a20abb8f42d4d,True,False,False,30.0,0.0,True,30.0,30.0,2019-10-01 00:00:00,2019-02-01 00:00:00,2019-12-01 00:00:00
,15,c3eacb0bc345b3abb1d2ff7c0d1f2d14,True,False,False,30.0,0.0,True,30.0,30.0,2019-11-01 00:00:00,2019-02-01 00:00:00,2019-12-01 00:00:00
,15,4f5f7c9df192efed605a68966f291959,True,False,True,30.0,0.0,True,30.0,30.0,2019-12-01 00:00:00,2019-02-01 00:00:00,2019-12-01 00:00:00
churn,15,430047fb09aea18f2a5f52e46e8b539a,False,False,False,0.0,-30.0,True,30.0,0.0,2020-01-01 00:00:00,2019-02-01 00:00:00,2019-12-01 00:00:00
new,24,2c52e65a0d9db2fcb461743f634211e4,True,True,False,25.0,25.0,False,0.0,0.0,2019-05-01 00:00:00,2019-05-01 00:00:00,2019-12-01 00:00:00
upgrade,24,1ba7e7c202d6fd1291e7531d0fc0977e,True,False,False,60.0,35.0,True,25.0,25.0,2019-06-01 00:00:00,2019-05-01 00:00:00,2019-12-01 00:00:00
,24,866aab0b5d0d71cd805cea24ba16f85c,True,False,False,60.0,0.0,True,60.0,60.0,2019-07-01 00:00:00,2019-05-01 00:00:00,2019-12-01 00:00:00
,24,d6568ced4f78797ce6d0fc2f009ad3d0,True,False,False,60.0,0.0,True,60.0,60.0,2019-08-01 00:00:00,2019-05-01 00:00:00,2019-12-01 00:00:00
,24,91e05be59a82bc292dec2c240acaed9c,True,False,False,60.0,0.0,True,60.0,60.0,2019-09-01 00:00:00,2019-05-01 00:00:00,2019-12-01 00:00:00
,24,1db043db33dc6afb9a0500beaad6b1e7,True,False,False,60.0,0.0,True,60.0,60.0,2019-10-01 00:00:00,2019-05-01 00:00:00,2019-12-01 00:00:00
,24,01d9167ded4c101d29b5ccb7c471017f,True,False,False,60.0,0.0,True,60.0,60.0,2019-11-01 00:00:00,2019-05-01 00:00:00,2019-12-01 00:00:00
,24,b9bee0f4c0f130da1d64779ba967c778,True,False,True,60.0,0.0,True,60.0,60.0,2019-12-01 00:00:00,2019-05-01 00:00:00,2019-12-01 00:00:00
churn,24,4142209444e78ab6e201f2ffea2df8c3,False,False,False,0.0,-60.0,True,60.0,0.0,2020-01-01 00:00:00,2019-05-01 00:00:00,2019-12-01 00:00:00
new,23,e718bee619400b093240a2a68b136e89,True,True,False,35.0,35.0,False,0.0,0.0,2019-03-01 00:00:00,2019-03-01 00:00:00,2019-12-01 00:00:00
upgrade,23,5eac6df34fe73bb36f3f96dffb12f0c8,True,False,False,50.0,15.0,True,35.0,35.0,2019-04-01 00:00:00,2019-03-01 00:00:00,2019-12-01 00:00:00
,23,d83a33232dd13a71957ec6663b20d9d1,True,False,False,50.0,0.0,True,50.0,50.0,2019-05-01 00:00:00,2019-03-01 00:00:00,2019-12-01 00:00:00
,23,53b2cf0c2c8e5e56cd70c8de7dce44c3,True,False,False,50.0,0.0,True,50.0,50.0,2019-06-01 00:00:00,2019-03-01 00:00:00,2019-12-01 00:00:00
,23,04b8974c009d91f31872131c1caa2d89,True,False,False,50.0,0.0,True,50.0,50.0,2019-07-01 00:00:00,2019-03-01 00:00:00,2019-12-01 00:00:00
,23,f0ad6cf580addcc9be707ae9fd8532e4,True,False,False,50.0,0.0,True,50.0,50.0,2019-08-01 00:00:00,2019-03-01 00:00:00,2019-12-01 00:00:00
,23,1bcdbf16c75c04421b90ff7c128889c9,True,False,False,50.0,0.0,True,50.0,50.0,2019-09-01 00:00:00,2019-03-01 00:00:00,2019-12-01 00:00:00
,23,be3612c34f216ae326d6e402047f6ab5,True,False,False,50.0,0.0,True,50.0,50.0,2019-10-01 00:00:00,2019-03-01 00:00:00,2019-12-01 00:00:00
,23,40858ab365456efa416dd1fcd0e38746,True,False,False,50.0,0.0,True,50.0,50.0,2019-11-01 00:00:00,2019-03-01 00:00:00,2019-12-01 00:00:00
,23,91352475b9c806f1c3be4b9b63bed722,True,False,True,50.0,0.0,True,50.0,50.0,2019-12-01 00:00:00,2019-03-01 00:00:00,2019-12-01 00:00:00
churn,23,f288a6b4144721d030febe4688c534f3,False,False,False,0.0,-50.0,True,50.0,0.0,2020-01-01 00:00:00,2019-03-01 00:00:00,2019-12-01 00:00:00
new,12,618963d3a20d4890af0b1e508d276937,True,True,False,25.0,25.0,False,0.0,0.0,2018-06-01 00:00:00,2018-06-01 00:00:00,2019-12-01 00:00:00
upgrade,12,6210e8c71c8a93bbd13aaa959ccf8567,True,False,False,50.0,25.0,True,25.0,25.0,2018-07-01 00:00:00,2018-06-01 00:00:00,2019-12-01 00:00:00
,12,1fb4cecce52351dff115f1c363864933,True,False,False,50.0,0.0,True,50.0,50.0,2018-08-01 00:00:00,2018-06-01 00:00:00,2019-12-01 00:00:00
,12,0d61c86bfa4a3ba30727a1a8e93f324d,True,False,False,50.0,0.0,True,50.0,50.0,2018-09-01 00:00:00,2018-06-01 00:00:00,2019-12-01 00:00:00
,12,2a355acb3983686101b63b5930eb3791,True,False,False,50.0,0.0,True,50.0,50.0,2018-10-01 00:00:00,2018-06-01 00:00:00,2019-12-01 00:00:00
,12,f2054696711de8d055ca9685950e391e,True,False,False,50.0,0.0,True,50.0,50.0,2018-11-01 00:00:00,2018-06-01 00:00:00,2019-12-01 00:00:00
,12,b5c3d83baf6cf52e49cf4800373dc9d8,True,False,False,50.0,0.0,True,50.0,50.0,2018-12-01 00:00:00,2018-06-01 00:00:00,2019-12-01 00:00:00
,12,077722b284e1eb342bce9d34e86b5b00,True,False,False,50.0,0.0,True,50.0,50.0,2019-01-01 00:00:00,2018-06-01 00:00:00,2019-12-01 00:00:00
,12,c22be6ad20fe053e327a41d4ec542a82,True,False,False,50.0,0.0,True,50.0,50.0,2019-02-01 00:00:00,2018-06-01 00:00:00,2019-12-01 00:00:00
,12,302bed57b122d90ddd97577eb9009216,True,False,False,50.0,0.0,True,50.0,50.0,2019-03-01 00:00:00,2018-06-01 00:00:00,2019-12-01 00:00:00
,12,298703946a850359757a45b40b92eb1b,True,False,False,50.0,0.0,True,50.0,50.0,2019-04-01 00:00:00,2018-06-01 00:00:00,2019-12-01 00:00:00
,12,f51dd59de954c8099771fec2d650b406,True,False,False,50.0,0.0,True,50.0,50.0,2019-05-01 00:00:00,2018-06-01 00:00:00,2019-12-01 00:00:00
,12,76208c4047bd2db96bbf75002aa11ee4,True,False,False,50.0,0.0,True,50.0,50.0,2019-06-01 00:00:00,2018-06-01 00:00:00,2019-12-01 00:00:00
,12,794560da05af670607c15f6ff81a149d,True,False,False,50.0,0.0,True,50.0,50.0,2019-07-01 00:00:00,2018-06-01 00:00:00,2019-12-01 00:00:00
,12,112b05f826f6bfee3413cd50475d9636,True,False,False,50.0,0.0,True,50.0,50.0,2019-08-01 00:00:00,2018-06-01 00:00:00,2019-12-01 00:00:00
,12,ef5a8af05ad3c7c2113c3da0bcb5e284,True,False,False,50.0,0.0,True,50.0,50.0,2019-09-01 00:00:00,2018-06-01 00:00:00,2019-12-01 00:00:00
,12,fef6d61d66fe98d2b5b974e5620aab8e,True,False,False,50.0,0.0,True,50.0,50.0,2019-10-01 00:00:00,2018-06-01 00:00:00,2019-12-01 00:00:00
,12,6c3a46b287e4c28237b32e86f4cdc44d,True,False,False,50.0,0.0,True,50.0,50.0,2019-11-01 00:00:00,2018-06-01 00:00:00,2019-12-01 00:00:00
,12,0c4c020e2d9afc895aea5d2e7ec51a2d,True,False,True,50.0,0.0,True,50.0,50.0,2019-12-01 00:00:00,2018-06-01 00:00:00,2019-12-01 00:00:00
churn,12,52d71c37891e94b8dd44796ebad5e728,False,False,False,0.0,-50.0,True,50.0,0.0,2020-01-01 00:00:00,2018-06-01 00:00:00,2019-12-01 00:00:00
new,52,82c6fc0911126c68bcbb9d718700bc14,True,True,True,25.0,25.0,False,0.0,0.0,2019-12-01 00:00:00,2019-12-01 00:00:00,2019-12-01 00:00:00
churn,52,ffaeff991fa4f8d17ae82cb4d96d8d94,False,False,False,0.0,-25.0,True,25.0,0.0,2020-01-01 00:00:00,2019-12-01 00:00:00,2019-12-01 00:00:00
new,40,f4516ae04c73a3fe4a37cbbd98e5bdc3,True,True,False,35.0,35.0,False,0.0,0.0,2019-09-01 00:00:00,2019-09-01 00:00:00,2019-12-01 00:00:00
upgrade,40,ab5e42ebfbb8a37ca9d94aa3f6833228,True,False,False,50.0,15.0,True,35.0,35.0,2019-10-01 00:00:00,2019-09-01 00:00:00,2019-12-01 00:00:00
,40,3a46039fcea1b94f9165b7b1413ef3e7,True,False,False,50.0,0.0,True,50.0,50.0,2019-11-01 00:00:00,2019-09-01 00:00:00,2019-12-01 00:00:00
,40,f454525108d21a52f052b723a17ac9ee,True,False,True,50.0,0.0,True,50.0,50.0,2019-12-01 00:00:00,2019-09-01 00:00:00,2019-12-01 00:00:00
churn,40,a09826fced38a7c85580be3309fa1ef9,False,False,False,0.0,-50.0,True,50.0,0.0,2020-01-01 00:00:00,2019-09-01 00:00:00,2019-12-01 00:00:00
new,21,000efaa51ba29340cdb18483b0b0a988,True,True,False,25.0,25.0,False,0.0,0.0,2018-11-01 00:00:00,2018-11-01 00:00:00,2019-11-01 00:00:00
upgrade,21,4b2c9d7eab6a2e34574c090189c607dd,True,False,False,50.0,25.0,True,25.0,25.0,2018-12-01 00:00:00,2018-11-01 00:00:00,2019-11-01 00:00:00
,21,df3fdef1bed84b662cca6131ddb9a8bc,True,False,False,50.0,0.0,True,50.0,50.0,2019-01-01 00:00:00,2018-11-01 00:00:00,2019-11-01 00:00:00
,21,94e581fe1298eba81b7f9d406af0372b,True,False,False,50.0,0.0,True,50.0,50.0,2019-02-01 00:00:00,2018-11-01 00:00:00,2019-11-01 00:00:00
,21,41081ad109b38aa28385e6c7fc2804ee,True,False,False,50.0,0.0,True,50.0,50.0,2019-03-01 00:00:00,2018-11-01 00:00:00,2019-11-01 00:00:00
,21,b4192bd0e2f54bb2347f25443aeeb40b,True,False,False,50.0,0.0,True,50.0,50.0,2019-04-01 00:00:00,2018-11-01 00:00:00,2019-11-01 00:00:00
,21,2f6e2fb3c4bd4cbb05b6db55e4d456d4,True,False,False,50.0,0.0,True,50.0,50.0,2019-05-01 00:00:00,2018-11-01 00:00:00,2019-11-01 00:00:00
,21,7f8c0d24d331fffd7a34fc88d7585f12,True,False,False,50.0,0.0,True,50.0,50.0,2019-06-01 00:00:00,2018-11-01 00:00:00,2019-11-01 00:00:00
,21,c988300dba0f63370955d6cefaace370,True,False,False,50.0,0.0,True,50.0,50.0,2019-07-01 00:00:00,2018-11-01 00:00:00,2019-11-01 00:00:00
,21,4acc3aa7bdfb66fe292279edc5f397f3,True,False,False,50.0,0.0,True,50.0,50.0,2019-08-01 00:00:00,2018-11-01 00:00:00,2019-11-01 00:00:00
,21,fa4b2c1f57bbfeff80031f390b8a5474,True,False,False,50.0,0.0,True,50.0,50.0,2019-09-01 00:00:00,2018-11-01 00:00:00,2019-11-01 00:00:00
,21,ed8baa66ee2fc1555cb9afd4f63b5633,True,False,False,50.0,0.0,True,50.0,50.0,2019-10-01 00:00:00,2018-11-01 00:00:00,2019-11-01 00:00:00
,21,3840ad869edebce0c9ecacbb90de0ec0,True,False,True,50.0,0.0,True,50.0,50.0,2019-11-01 00:00:00,2018-11-01 00:00:00,2019-11-01 00:00:00
churn,21,d91138b12f345824384afbf85cc0787b,False,False,False,0.0,-50.0,True,50.0,0.0,2019-12-01 00:00:00,2018-11-01 00:00:00,2019-11-01 00:00:00
new,14,05474c0b1878bacdbae54ae91a8b122a,True,True,False,25.0,25.0,False,0.0,0.0,2019-03-01 00:00:00,2019-03-01 00:00:00,2019-12-01 00:00:00
upgrade,14,ad4b5ec2eb6a32ab895f75ece4243d17,True,False,False,50.0,25.0,True,25.0,25.0,2019-04-01 00:00:00,2019-03-01 00:00:00,2019-12-01 00:00:00
downgrade,14,26abd494cbc007272e97c3e3b3f12765,True,False,False,25.0,-25.0,True,50.0,25.0,2019-05-01 00:00:00,2019-03-01 00:00:00,2019-12-01 00:00:00
upgrade,14,d40630cc48ef98716571861dfc474016,True,False,False,50.0,25.0,True,25.0,25.0,2019-06-01 00:00:00,2019-03-01 00:00:00,2019-12-01 00:00:00
downgrade,14,96c3a55f03d97b92b2f5fa526ea7dcfe,True,False,False,25.0,-25.0,True,50.0,25.0,2019-07-01 00:00:00,2019-03-01 00:00:00,2019-12-01 00:00:00
,14,a0893999d42935c2e74581924caf8e4a,True,False,False,25.0,0.0,True,25.0,25.0,2019-08-01 00:00:00,2019-03-01 00:00:00,2019-12-01 00:00:00
upgrade,14,0ece77cce46dd9bf26d54b3988c2c039,True,False,False,50.0,25.0,True,25.0,25.0,2019-09-01 00:00:00,2019-03-01 00:00:00,2019-12-01 00:00:00
downgrade,14,f104c602a73049a2dbbd89007b67e180,True,False,False,25.0,-25.0,True,50.0,25.0,2019-10-01 00:00:00,2019-03-01 00:00:00,2019-12-01 00:00:00
,14,783e8a939fe0f7886db0658076587104,True,False,False,25.0,0.0,True,25.0,25.0,2019-11-01 00:00:00,2019-03-01 00:00:00,2019-12-01 00:00:00
,14,164a3df5796de34649c071c163f6c3d3,True,False,True,25.0,0.0,True,25.0,25.0,2019-12-01 00:00:00,2019-03-01 00:00:00,2019-12-01 00:00:00
churn,14,47e3632e4191e127146f0a543456598b,False,False,False,0.0,-25.0,True,25.0,0.0,2020-01-01 00:00:00,2019-03-01 00:00:00,2019-12-01 00:00:00
new,31,07d7f28757c9fab5fd3a52e86f407ccd,True,True,False,50.0,50.0,False,0.0,0.0,2019-11-01 00:00:00,2019-11-01 00:00:00,2019-12-01 00:00:00
downgrade,31,a4d83457ad80f96cee3af2389cb0a750,True,False,True,25.0,-25.0,True,50.0,25.0,2019-12-01 00:00:00,2019-11-01 00:00:00,2019-12-01 00:00:00
churn,31,368db22fa892af36a36b2a2be0894be1,False,False,False,0.0,-25.0,True,25.0,0.0,2020-01-01 00:00:00,2019-11-01 00:00:00,2019-12-01 00:00:00
new,29,8a15e087bb54d353baba9d7faa75c0c6,True,True,False,50.0,50.0,False,0.0,0.0,2019-06-01 00:00:00,2019-06-01 00:00:00,2019-11-01 00:00:00
downgrade,29,6add4e2ff5246277cb039de13a8009a3,True,False,False,35.0,-15.0,True,50.0,35.0,2019-07-01 00:00:00,2019-06-01 00:00:00,2019-11-01 00:00:00
,29,158db79009d1627da946791805c6778e,True,False,False,35.0,0.0,True,35.0,35.0,2019-08-01 00:00:00,2019-06-01 00:00:00,2019-11-01 00:00:00
,29,efaaf54a1d301b67f000d98c2f9e7203,True,False,False,35.0,0.0,True,35.0,35.0,2019-09-01 00:00:00,2019-06-01 00:00:00,2019-11-01 00:00:00
,29,a6ca966d508d08959bfbf18ef4cf1a77,True,False,False,35.0,0.0,True,35.0,35.0,2019-10-01 00:00:00,2019-06-01 00:00:00,2019-11-01 00:00:00
,29,4873c6408a3a68c832e894438e5d9918,True,False,True,35.0,0.0,True,35.0,35.0,2019-11-01 00:00:00,2019-06-01 00:00:00,2019-11-01 00:00:00
churn,29,8d32d838494709012bb027c3af0bf1ed,False,False,False,0.0,-35.0,True,35.0,0.0,2019-12-01 00:00:00,2019-06-01 00:00:00,2019-11-01 00:00:00
new,30,c09d8dbd4617ae5c19ce2de7335a1fc3,True,True,False,55.0,55.0,False,0.0,0.0,2019-04-01 00:00:00,2019-04-01 00:00:00,2019-11-01 00:00:00
downgrade,30,3dd32618c55fe68db118ad422f5c41de,True,False,False,45.0,-10.0,True,55.0,45.0,2019-05-01 00:00:00,2019-04-01 00:00:00,2019-11-01 00:00:00
,30,01aa6d05140ff6dccb05ffad67588762,True,False,False,45.0,0.0,True,45.0,45.0,2019-06-01 00:00:00,2019-04-01 00:00:00,2019-11-01 00:00:00
,30,151b9f3c7fa07db3525f48887c7df82b,True,False,False,45.0,0.0,True,45.0,45.0,2019-07-01 00:00:00,2019-04-01 00:00:00,2019-11-01 00:00:00
,30,5bc39ea9ef8300ea6a3957252e7d4f4b,True,False,False,45.0,0.0,True,45.0,45.0,2019-08-01 00:00:00,2019-04-01 00:00:00,2019-11-01 00:00:00
,30,30620b53f168b4b8f9b5dcf24aff7a64,True,False,False,45.0,0.0,True,45.0,45.0,2019-09-01 00:00:00,2019-04-01 00:00:00,2019-11-01 00:00:00
,30,d7c193f958c210d8d1f53dcde5c2df2f,True,False,False,45.0,0.0,True,45.0,45.0,2019-10-01 00:00:00,2019-04-01 00:00:00,2019-11-01 00:00:00
,30,392914fe849002ccbac20e3c119d1200,True,False,True,45.0,0.0,True,45.0,45.0,2019-11-01 00:00:00,2019-04-01 00:00:00,2019-11-01 00:00:00
churn,30,2d638d92334e40527e87ec4a2f331481,False,False,False,0.0,-45.0,True,45.0,0.0,2019-12-01 00:00:00,2019-04-01 00:00:00,2019-11-01 00:00:00
new,25,26f1440d0eb0df0028da5ad62c75c5b9,True,True,False,30.0,30.0,False,0.0,0.0,2019-08-01 00:00:00,2019-08-01 00:00:00,2019-12-01 00:00:00
upgrade,25,369e75f5b1ae067767524a435476b57f,True,False,False,35.0,5.0,True,30.0,30.0,2019-09-01 00:00:00,2019-08-01 00:00:00,2019-12-01 00:00:00
upgrade,25,def941356fb46c47430252e78ecb47c0,True,False,False,45.0,10.0,True,35.0,35.0,2019-10-01 00:00:00,2019-08-01 00:00:00,2019-12-01 00:00:00
,25,91021867736e81c7444ba3d66001238e,True,False,False,45.0,0.0,True,45.0,45.0,2019-11-01 00:00:00,2019-08-01 00:00:00,2019-12-01 00:00:00
,25,7b1395ebfe27d2f7349805e252daa983,True,False,True,45.0,0.0,True,45.0,45.0,2019-12-01 00:00:00,2019-08-01 00:00:00,2019-12-01 00:00:00
churn,25,cea244c2ebcbb3b6367c1b03127ec020,False,False,False,0.0,-45.0,True,45.0,0.0,2020-01-01 00:00:00,2019-08-01 00:00:00,2019-12-01 00:00:00
new,35,537f98b69d033880ece0a17a51480c8b,True,True,False,50.0,50.0,False,0.0,0.0,2019-10-01 00:00:00,2019-10-01 00:00:00,2019-11-01 00:00:00
downgrade,35,dff534f0ca8d4ee4c5ee1af0d47c823b,True,False,True,25.0,-25.0,True,50.0,25.0,2019-11-01 00:00:00,2019-10-01 00:00:00,2019-11-01 00:00:00
churn,35,9552d65e7fc5dbbdcb023ce7fa2d3b7c,False,False,False,0.0,-25.0,True,25.0,0.0,2019-12-01 00:00:00,2019-10-01 00:00:00,2019-11-01 00:00:00
new,27,1f444977141444102f770d4eb501e784,True,True,False,130.0,130.0,False,0.0,0.0,2019-07-01 00:00:00,2019-07-01 00:00:00,2019-12-01 00:00:00
downgrade,27,9611f9be2251e6a71d0d5ba18c5313fd,True,False,False,125.0,-5.0,True,130.0,125.0,2019-08-01 00:00:00,2019-07-01 00:00:00,2019-12-01 00:00:00
,27,b19405340d9a8285378d6e5df86f6bbb,True,False,False,125.0,0.0,True,125.0,125.0,2019-09-01 00:00:00,2019-07-01 00:00:00,2019-12-01 00:00:00
,27,15aaf38ca28ccf1de74904f261c88eff,True,False,False,125.0,0.0,True,125.0,125.0,2019-10-01 00:00:00,2019-07-01 00:00:00,2019-12-01 00:00:00
,27,e3a08073504c41f9382a106075e9b71d,True,False,False,125.0,0.0,True,125.0,125.0,2019-11-01 00:00:00,2019-07-01 00:00:00,2019-12-01 00:00:00
,27,a3a113f2fc0fbb7aeef2fda865fc9300,True,False,True,125.0,0.0,True,125.0,125.0,2019-12-01 00:00:00,2019-07-01 00:00:00,2019-12-01 00:00:00
churn,27,81959d05c55ed97e8df80d3b3148420a,False,False,False,0.0,-125.0,True,125.0,0.0,2020-01-01 00:00:00,2019-07-01 00:00:00,2019-12-01 00:00:00
new,13,986e0204caeda2a6bd5b834965d92108,True,True,False,25.0,25.0,False,0.0,0.0,2019-08-01 00:00:00,2019-08-01 00:00:00,2019-12-01 00:00:00
upgrade,13,08033b56c2864371ee4af94f68d94082,True,False,False,50.0,25.0,True,25.0,25.0,2019-09-01 00:00:00,2019-08-01 00:00:00,2019-12-01 00:00:00
,13,8a9ca681e8a126fd77d83c57e79a3223,True,False,False,50.0,0.0,True,50.0,50.0,2019-10-01 00:00:00,2019-08-01 00:00:00,2019-12-01 00:00:00
,13,7915dba89a1eeabf302e1b2842647ef5,True,False,False,50.0,0.0,True,50.0,50.0,2019-11-01 00:00:00,2019-08-01 00:00:00,2019-12-01 00:00:00
,13,848473ab6fd7299ed913aed8574539b9,True,False,True,50.0,0.0,True,50.0,50.0,2019-12-01 00:00:00,2019-08-01 00:00:00,2019-12-01 00:00:00
churn,13,5d679a3919f31570c0caa3d77d98166d,False,False,False,0.0,-50.0,True,50.0,0.0,2020-01-01 00:00:00,2019-08-01 00:00:00,2019-12-01 00:00:00
new,49,2a42726c37bee88c5a31227e0bb840ce,True,True,True,50.0,50.0,False,0.0,0.0,2019-11-01 00:00:00,2019-11-01 00:00:00,2019-11-01 00:00:00
churn,49,2015798aa9797943af7a0bca359fd865,False,False,False,0.0,-50.0,True,50.0,0.0,2019-12-01 00:00:00,2019-11-01 00:00:00,2019-11-01 00:00:00
new,39,158a4058ae35f2cb3452c9c2c1c6611b,True,True,True,35.0,35.0,False,0.0,0.0,2019-11-01 00:00:00,2019-11-01 00:00:00,2019-11-01 00:00:00
churn,39,316fd30ecdbd19e12b2403187b39ecca,False,False,False,0.0,-35.0,True,35.0,0.0,2019-12-01 00:00:00,2019-11-01 00:00:00,2019-11-01 00:00:00
new,16,edd441fd850227b4c7620bb4747e23aa,True,True,False,25.0,25.0,False,0.0,0.0,2019-07-01 00:00:00,2019-07-01 00:00:00,2019-12-01 00:00:00
,16,838a457e6504e57018f3432ee583095a,True,False,False,25.0,0.0,True,25.0,25.0,2019-08-01 00:00:00,2019-07-01 00:00:00,2019-12-01 00:00:00
,16,f8110bf8db60e0879d12695d132f8ac6,True,False,False,25.0,0.0,True,25.0,25.0,2019-09-01 00:00:00,2019-07-01 00:00:00,2019-12-01 00:00:00
,16,d3564014757ec16061ee896a25546691,True,False,False,25.0,0.0,True,25.0,25.0,2019-10-01 00:00:00,2019-07-01 00:00:00,2019-12-01 00:00:00
,16,de1916b01a6e8bbfd033903d3b845592,True,False,False,25.0,0.0,True,25.0,25.0,2019-11-01 00:00:00,2019-07-01 00:00:00,2019-12-01 00:00:00
,16,b7812cea6b5aa265e98c8d5c0a6856a2,True,False,True,25.0,0.0,True,25.0,25.0,2019-12-01 00:00:00,2019-07-01 00:00:00,2019-12-01 00:00:00
churn,16,3cd22043b85797094a6f5986eb62ff25,False,False,False,0.0,-25.0,True,25.0,0.0,2020-01-01 00:00:00,2019-07-01 00:00:00,2019-12-01 00:00:00
new,33,4f8e822a044dbd91e47d2d6b822f0f5c,True,True,False,50.0,50.0,False,0.0,0.0,2019-10-01 00:00:00,2019-10-01 00:00:00,2019-11-01 00:00:00
downgrade,33,1641f69e3ea064f509c85f99ce97674b,True,False,True,25.0,-25.0,True,50.0,25.0,2019-11-01 00:00:00,2019-10-01 00:00:00,2019-11-01 00:00:00
churn,33,62c6edec115fe5623eba3d17741c7dca,False,False,False,0.0,-25.0,True,25.0,0.0,2019-12-01 00:00:00,2019-10-01 00:00:00,2019-11-01 00:00:00
new,5,61fac640e0d87962c8c7572ee7108c64,True,True,False,50.0,50.0,False,0.0,0.0,2018-11-01 00:00:00,2018-11-01 00:00:00,2019-12-01 00:00:00
downgrade,5,538112610b186766592c50e43d89b4ef,True,False,False,25.0,-25.0,True,50.0,25.0,2018-12-01 00:00:00,2018-11-01 00:00:00,2019-12-01 00:00:00
,5,3688ad890703b2a6c3fd0af60ac612c4,True,False,False,25.0,0.0,True,25.0,25.0,2019-01-01 00:00:00,2018-11-01 00:00:00,2019-12-01 00:00:00
,5,4a671566028d053c345416bbe9df503f,True,False,False,25.0,0.0,True,25.0,25.0,2019-02-01 00:00:00,2018-11-01 00:00:00,2019-12-01 00:00:00
churn,5,3afa9926f7127a39b99fe2c0c8d77c71,False,False,False,0.0,-25.0,True,25.0,0.0,2019-03-01 00:00:00,2018-11-01 00:00:00,2019-12-01 00:00:00
,5,eefb7ae49034ee65b3b725d00d615b92,False,False,False,0.0,0.0,False,0.0,0.0,2019-04-01 00:00:00,2018-11-01 00:00:00,2019-12-01 00:00:00
,5,626034335479a0510c5d726a8be64b5d,False,False,False,0.0,0.0,False,0.0,0.0,2019-05-01 00:00:00,2018-11-01 00:00:00,2019-12-01 00:00:00
,5,d08d52ec986d136081c02027a2f6d2d9,False,False,False,0.0,0.0,False,0.0,0.0,2019-06-01 00:00:00,2018-11-01 00:00:00,2019-12-01 00:00:00
reactivation,5,294c5d3a82b21a73050cd6f494be3762,True,False,False,50.0,50.0,False,0.0,0.0,2019-07-01 00:00:00,2018-11-01 00:00:00,2019-12-01 00:00:00
downgrade,5,8e991ec169096613edc859ac09c0a405,True,False,False,25.0,-25.0,True,50.0,25.0,2019-08-01 00:00:00,2018-11-01 00:00:00,2019-12-01 00:00:00
upgrade,5,75cbb0c777086533c7f69055c06fb5f9,True,False,False,50.0,25.0,True,25.0,25.0,2019-09-01 00:00:00,2018-11-01 00:00:00,2019-12-01 00:00:00
downgrade,5,d6431773d81b875b2d879acb7f2e1f57,True,False,False,25.0,-25.0,True,50.0,25.0,2019-10-01 00:00:00,2018-11-01 00:00:00,2019-12-01 00:00:00
,5,fd1ac64384b96fff8d461328f7114bb1,True,False,False,25.0,0.0,True,25.0,25.0,2019-11-01 00:00:00,2018-11-01 00:00:00,2019-12-01 00:00:00
upgrade,5,add646e6e2d9c274f1041f017f0d775b,True,False,True,40.0,15.0,True,25.0,25.0,2019-12-01 00:00:00,2018-11-01 00:00:00,2019-12-01 00:00:00
churn,5,fe6d319037333745e8f3d8bcee67b1a2,False,False,False,0.0,-40.0,True,40.0,0.0,2020-01-01 00:00:00,2018-11-01 00:00:00,2019-12-01 00:00:00
new,8,7c4e2f566eb6b6664531a4430e85acd6,True,True,False,65.0,65.0,False,0.0,0.0,2019-04-01 00:00:00,2019-04-01 00:00:00,2019-11-01 00:00:00
,8,7183f908ea0340acd5ecb76b7b3fd49c,True,False,False,65.0,0.0,True,65.0,65.0,2019-05-01 00:00:00,2019-04-01 00:00:00,2019-11-01 00:00:00
,8,52b4c9b765239cc30b18e9bdabebb61a,True,False,False,65.0,0.0,True,65.0,65.0,2019-06-01 00:00:00,2019-04-01 00:00:00,2019-11-01 00:00:00
,8,ec029f1ed89fc2964451e4b63eb913d9,True,False,False,65.0,0.0,True,65.0,65.0,2019-07-01 00:00:00,2019-04-01 00:00:00,2019-11-01 00:00:00
,8,8c82af5e213dc123ec8f72a779b5bf7b,True,False,False,65.0,0.0,True,65.0,65.0,2019-08-01 00:00:00,2019-04-01 00:00:00,2019-11-01 00:00:00
,8,3957aff44d73fe4b1c261d71899fea5f,True,False,False,65.0,0.0,True,65.0,65.0,2019-09-01 00:00:00,2019-04-01 00:00:00,2019-11-01 00:00:00
,8,c09706dcfd9ecb97992f6d176eeee4f3,True,False,False,65.0,0.0,True,65.0,65.0,2019-10-01 00:00:00,2019-04-01 00:00:00,2019-11-01 00:00:00
,8,32ca7992e51b8981ade71e5ce2dd9201,True,False,True,65.0,0.0,True,65.0,65.0,2019-11-01 00:00:00,2019-04-01 00:00:00,2019-11-01 00:00:00
churn,8,edd64c6a275ed5707f57b138a4aeab22,False,False,False,0.0,-65.0,True,65.0,0.0,2019-12-01 00:00:00,2019-04-01 00:00:00,2019-11-01 00:00:00
new,53,ebfd5c5af9b489eff72a9644958fc5be,True,True,True,50.0,50.0,False,0.0,0.0,2020-01-01 00:00:00,2020-01-01 00:00:00,2020-01-01 00:00:00
churn,53,d7e4e914b7f5efc0a37dd4edf841aa1f,False,False,False,0.0,-50.0,True,50.0,0.0,2020-02-01 00:00:00,2020-01-01 00:00:00,2020-01-01 00:00:00
new,50,73f82197a371fac046c10e2a05bbe25d,True,True,True,25.0,25.0,False,0.0,0.0,2019-12-01 00:00:00,2019-12-01 00:00:00,2019-12-01 00:00:00
churn,50,b676531f697547c355c9aacb91da7343,False,False,False,0.0,-25.0,True,25.0,0.0,2020-01-01 00:00:00,2019-12-01 00:00:00,2019-12-01 00:00:00
new,47,2b3e6846cba7eda9e9b7e19f1406180f,True,True,False,25.0,25.0,False,0.0,0.0,2019-10-01 00:00:00,2019-10-01 00:00:00,2019-11-01 00:00:00
upgrade,47,657baa3e0c45677982c62ebd02d6d613,True,False,True,50.0,25.0,True,25.0,25.0,2019-11-01 00:00:00,2019-10-01 00:00:00,2019-11-01 00:00:00
churn,47,eef3dc7cf110a4a0e99834b61bce6143,False,False,False,0.0,-50.0,True,50.0,0.0,2019-12-01 00:00:00,2019-10-01 00:00:00,2019-11-01 00:00:00
new,18,11a087f0bd3bc9e1b99d10ba52622797,True,True,False,90.0,90.0,False,0.0,0.0,2018-11-01 00:00:00,2018-11-01 00:00:00,2019-11-01 00:00:00
downgrade,18,597410f4f6cf27e8582fd9189c118ed4,True,False,False,50.0,-40.0,True,90.0,50.0,2018-12-01 00:00:00,2018-11-01 00:00:00,2019-11-01 00:00:00
,18,3d705e39ebb6831d5948a28fb1394019,True,False,False,50.0,0.0,True,50.0,50.0,2019-01-01 00:00:00,2018-11-01 00:00:00,2019-11-01 00:00:00
,18,1a76b5d7a65f7eacfd2bb032c5089b1f,True,False,False,50.0,0.0,True,50.0,50.0,2019-02-01 00:00:00,2018-11-01 00:00:00,2019-11-01 00:00:00
,18,fa700b0425113dfdc0ce7c4fb623c7ad,True,False,False,50.0,0.0,True,50.0,50.0,2019-03-01 00:00:00,2018-11-01 00:00:00,2019-11-01 00:00:00
,18,1f33784716c4da38c08717f264bb0483,True,False,False,50.0,0.0,True,50.0,50.0,2019-04-01 00:00:00,2018-11-01 00:00:00,2019-11-01 00:00:00
,18,20b600eb520fb544825e68a6b8d6d05d,True,False,False,50.0,0.0,True,50.0,50.0,2019-05-01 00:00:00,2018-11-01 00:00:00,2019-11-01 00:00:00
,18,ac8aa72c9fc66e23235e80e9d19c9f3b,True,False,False,50.0,0.0,True,50.0,50.0,2019-06-01 00:00:00,2018-11-01 00:00:00,2019-11-01 00:00:00
,18,9bfe987772bf24c116b5e3e11ce085d9,True,False,False,50.0,0.0,True,50.0,50.0,2019-07-01 00:00:00,2018-11-01 00:00:00,2019-11-01 00:00:00
,18,b814df0bea917ffdc99616b46cb6a2b9,True,False,False,50.0,0.0,True,50.0,50.0,2019-08-01 00:00:00,2018-11-01 00:00:00,2019-11-01 00:00:00
,18,5746392d67fb475d6996a5adf2100385,True,False,False,50.0,0.0,True,50.0,50.0,2019-09-01 00:00:00,2018-11-01 00:00:00,2019-11-01 00:00:00
,18,cb5a6703b6befce6f23a435ab90ec1fc,True,False,False,50.0,0.0,True,50.0,50.0,2019-10-01 00:00:00,2018-11-01 00:00:00,2019-11-01 00:00:00
,18,b65dbf0e2c0e62bdbab688c67e27896a,True,False,True,50.0,0.0,True,50.0,50.0,2019-11-01 00:00:00,2018-11-01 00:00:00,2019-11-01 00:00:00
churn,18,88f0601abe477d071056fa73a3ce97e5,False,False,False,0.0,-50.0,True,50.0,0.0,2019-12-01 00:00:00,2018-11-01 00:00:00,2019-11-01 00:00:00
new,7,4a8b551f34fe7f66d15d081c042313e3,True,True,False,55.0,55.0,False,0.0,0.0,2018-01-01 00:00:00,2018-01-01 00:00:00,2019-11-01 00:00:00
upgrade,7,ca7132b59efc461726f6187b88316afe,True,False,False,70.0,15.0,True,55.0,55.0,2018-02-01 00:00:00,2018-01-01 00:00:00,2019-11-01 00:00:00
,7,acfccf449c153566f75a03a8de1870e4,True,False,False,70.0,0.0,True,70.0,70.0,2018-03-01 00:00:00,2018-01-01 00:00:00,2019-11-01 00:00:00
,7,c5a205b254cb5fb4dd2b0fd1af6cc08e,True,False,False,70.0,0.0,True,70.0,70.0,2018-04-01 00:00:00,2018-01-01 00:00:00,2019-11-01 00:00:00
,7,6f8f22bbc8ba915d039c8753e30bf93c,True,False,False,70.0,0.0,True,70.0,70.0,2018-05-01 00:00:00,2018-01-01 00:00:00,2019-11-01 00:00:00
,7,c2dd54d4b313d7a41814787f44e29f89,True,False,False,70.0,0.0,True,70.0,70.0,2018-06-01 00:00:00,2018-01-01 00:00:00,2019-11-01 00:00:00
,7,cdf2806da98a0fcc6b3b28445d8d3f95,True,False,False,70.0,0.0,True,70.0,70.0,2018-07-01 00:00:00,2018-01-01 00:00:00,2019-11-01 00:00:00
,7,1890d71139b4bd84407c9e529b7b2a2d,True,False,False,70.0,0.0,True,70.0,70.0,2018-08-01 00:00:00,2018-01-01 00:00:00,2019-11-01 00:00:00
,7,dfe3871e620dfb33dbdadc3cce68c3f0,True,False,False,70.0,0.0,True,70.0,70.0,2018-09-01 00:00:00,2018-01-01 00:00:00,2019-11-01 00:00:00
,7,c762c9f32c9d3542d86ca6a9a912a20d,True,False,False,70.0,0.0,True,70.0,70.0,2018-10-01 00:00:00,2018-01-01 00:00:00,2019-11-01 00:00:00
,7,874ea3ce6351e6d8474363832588c5b5,True,False,False,70.0,0.0,True,70.0,70.0,2018-11-01 00:00:00,2018-01-01 00:00:00,2019-11-01 00:00:00
,7,109c2f42f8c7cb20aacc3afc2c47f503,True,False,False,70.0,0.0,True,70.0,70.0,2018-12-01 00:00:00,2018-01-01 00:00:00,2019-11-01 00:00:00
,7,667809aded485de5731ec130e0b361cb,True,False,False,70.0,0.0,True,70.0,70.0,2019-01-01 00:00:00,2018-01-01 00:00:00,2019-11-01 00:00:00
,7,266cb0d8b6d83028cd57d05b0b7f779c,True,False,False,70.0,0.0,True,70.0,70.0,2019-02-01 00:00:00,2018-01-01 00:00:00,2019-11-01 00:00:00
,7,5ba9b38f70330072e97a1599a1c3b244,True,False,False,70.0,0.0,True,70.0,70.0,2019-03-01 00:00:00,2018-01-01 00:00:00,2019-11-01 00:00:00
,7,b4c31e93876f0758fce1b6eb4a6276e9,True,False,False,70.0,0.0,True,70.0,70.0,2019-04-01 00:00:00,2018-01-01 00:00:00,2019-11-01 00:00:00
,7,477c7034fd008ff3e07731b687922ee5,True,False,False,70.0,0.0,True,70.0,70.0,2019-05-01 00:00:00,2018-01-01 00:00:00,2019-11-01 00:00:00
,7,d3174c34baf85a75cfc966cb7f285381,True,False,False,70.0,0.0,True,70.0,70.0,2019-06-01 00:00:00,2018-01-01 00:00:00,2019-11-01 00:00:00
,7,c58f73ff8f6b77853d3d847fbe4ba1d9,True,False,False,70.0,0.0,True,70.0,70.0,2019-07-01 00:00:00,2018-01-01 00:00:00,2019-11-01 00:00:00
,7,d4f04e007dc81fc2fd647faac71a8abe,True,False,False,70.0,0.0,True,70.0,70.0,2019-08-01 00:00:00,2018-01-01 00:00:00,2019-11-01 00:00:00
,7,fdd7388ab6476dbf70f4774875f1c6ec,True,False,False,70.0,0.0,True,70.0,70.0,2019-09-01 00:00:00,2018-01-01 00:00:00,2019-11-01 00:00:00
,7,285835efe004325e36835f1e46f1f344,True,False,False,70.0,0.0,True,70.0,70.0,2019-10-01 00:00:00,2018-01-01 00:00:00,2019-11-01 00:00:00
,7,a99c8ee95e7e21c08bd8b4c0a5f97d03,True,False,True,70.0,0.0,True,70.0,70.0,2019-11-01 00:00:00,2018-01-01 00:00:00,2019-11-01 00:00:00
churn,7,8e2b02b5c864fb74a716984875cf4681,False,False,False,0.0,-70.0,True,70.0,0.0,2019-12-01 00:00:00,2018-01-01 00:00:00,2019-11-01 00:00:00
new,55,f7c8a5552d6401ef5dde07a9b6fe041f,True,True,True,50.0,50.0,False,0.0,0.0,2020-01-01 00:00:00,2020-01-01 00:00:00,2020-01-01 00:00:00
churn,55,ac5adb6577d9a6b56ec60843dc3e6c28,False,False,False,0.0,-50.0,True,50.0,0.0,2020-02-01 00:00:00,2020-01-01 00:00:00,2020-01-01 00:00:00
new,46,0b72e69a2fbfc82410fae57fc07f20a9,True,True,True,50.0,50.0,False,0.0,0.0,2019-12-01 00:00:00,2019-12-01 00:00:00,2019-12-01 00:00:00
churn,46,2ab51eb1a7bd7eb63d34533fcab08bbd,False,False,False,0.0,-50.0,True,50.0,0.0,2020-01-01 00:00:00,2019-12-01 00:00:00,2019-12-01 00:00:00
new,54,f3a34e06a48d7031a769a0de99b73578,True,True,True,25.0,25.0,False,0.0,0.0,2020-01-01 00:00:00,2020-01-01 00:00:00,2020-01-01 00:00:00
churn,54,003f4c09a4d2c1883b79136711098a11,False,False,False,0.0,-25.0,True,25.0,0.0,2020-02-01 00:00:00,2020-01-01 00:00:00,2020-01-01 00:00:00
new,43,c494fc5d2fcf0409f8958b0508a3313e,True,True,True,25.0,25.0,False,0.0,0.0,2019-11-01 00:00:00,2019-11-01 00:00:00,2019-11-01 00:00:00
churn,43,4fd3a3410c3bebf311274d4683d36335,False,False,False,0.0,-25.0,True,25.0,0.0,2019-12-01 00:00:00,2019-11-01 00:00:00,2019-11-01 00:00:00
new,10,3818c5d6ab124150a41838cc027386e0,True,True,False,80.0,80.0,False,0.0,0.0,2018-04-01 00:00:00,2018-04-01 00:00:00,2019-12-01 00:00:00
churn,10,f7eb218e68409b6dff27df54f83ed611,False,False,False,0.0,-80.0,True,80.0,0.0,2018-05-01 00:00:00,2018-04-01 00:00:00,2019-12-01 00:00:00
,10,20b5a30b30c9457e4fc1157661b32520,False,False,False,0.0,0.0,False,0.0,0.0,2018-06-01 00:00:00,2018-04-01 00:00:00,2019-12-01 00:00:00
,10,5f5ac6fa50dfc8221dff94868c9aac79,False,False,False,0.0,0.0,False,0.0,0.0,2018-07-01 00:00:00,2018-04-01 00:00:00,2019-12-01 00:00:00
,10,76e8ad50175b8428db8afb5b587f726a,False,False,False,0.0,0.0,False,0.0,0.0,2018-08-01 00:00:00,2018-04-01 00:00:00,2019-12-01 00:00:00
reactivation,10,2beafec6d0d65a4f60e4e3ca8c543601,True,False,False,50.0,50.0,False,0.0,0.0,2018-09-01 00:00:00,2018-04-01 00:00:00,2019-12-01 00:00:00
downgrade,10,20a9f1d1712809af3b6386b107d921c8,True,False,False,25.0,-25.0,True,50.0,25.0,2018-10-01 00:00:00,2018-04-01 00:00:00,2019-12-01 00:00:00
,10,689bc836e824521a943039a8a3e6b6d1,True,False,False,25.0,0.0,True,25.0,25.0,2018-11-01 00:00:00,2018-04-01 00:00:00,2019-12-01 00:00:00
,10,bbf3e6e1157a074c3e3062ba0b10993d,True,False,False,25.0,0.0,True,25.0,25.0,2018-12-01 00:00:00,2018-04-01 00:00:00,2019-12-01 00:00:00
,10,7083e17d81ef1faf36fcd0b6e861d494,True,False,False,25.0,0.0,True,25.0,25.0,2019-01-01 00:00:00,2018-04-01 00:00:00,2019-12-01 00:00:00
,10,11111fa505bb57e70d3b4920cdc095ca,True,False,False,25.0,0.0,True,25.0,25.0,2019-02-01 00:00:00,2018-04-01 00:00:00,2019-12-01 00:00:00
,10,ae6d5a7851066ee8c1d7514ffc123870,True,False,False,25.0,0.0,True,25.0,25.0,2019-03-01 00:00:00,2018-04-01 00:00:00,2019-12-01 00:00:00
upgrade,10,bee836ee8a925cc8082eb790a6cdaf9f,True,False,False,50.0,25.0,True,25.0,25.0,2019-04-01 00:00:00,2018-04-01 00:00:00,2019-12-01 00:00:00
downgrade,10,55ca9b5b1e6c745196b5a427fd3355cf,True,False,False,25.0,-25.0,True,50.0,25.0,2019-05-01 00:00:00,2018-04-01 00:00:00,2019-12-01 00:00:00
upgrade,10,5260ff7ff16bde477009c499ba56feae,True,False,False,50.0,25.0,True,25.0,25.0,2019-06-01 00:00:00,2018-04-01 00:00:00,2019-12-01 00:00:00
,10,cc3b22057bae03e3782d07a9582c58c5,True,False,False,50.0,0.0,True,50.0,50.0,2019-07-01 00:00:00,2018-04-01 00:00:00,2019-12-01 00:00:00
,10,888b9f610a30b23d2f03072aaa9cff16,True,False,False,50.0,0.0,True,50.0,50.0,2019-08-01 00:00:00,2018-04-01 00:00:00,2019-12-01 00:00:00
,10,71ad2d57fdd27be934406a0a8619702d,True,False,False,50.0,0.0,True,50.0,50.0,2019-09-01 00:00:00,2018-04-01 00:00:00,2019-12-01 00:00:00
,10,603e567814111c10c76be7b92a5f73c4,True,False,False,50.0,0.0,True,50.0,50.0,2019-10-01 00:00:00,2018-04-01 00:00:00,2019-12-01 00:00:00
downgrade,10,dfcfcce3af67edbae822b1ea91a076b5,True,False,False,25.0,-25.0,True,50.0,25.0,2019-11-01 00:00:00,2018-04-01 00:00:00,2019-12-01 00:00:00
upgrade,10,47f343af1ef7226973f3ebdbb413e7cd,True,False,True,35.0,10.0,True,25.0,25.0,2019-12-01 00:00:00,2018-04-01 00:00:00,2019-12-01 00:00:00
churn,10,b699ff73e5f3cd7e104453abf17ece47,False,False,False,0.0,-35.0,True,35.0,0.0,2020-01-01 00:00:00,2018-04-01 00:00:00,2019-12-01 00:00:00
new,48,72d7173dcfe20deca355c623462fae59,True,True,True,25.0,25.0,False,0.0,0.0,2019-11-01 00:00:00,2019-11-01 00:00:00,2019-11-01 00:00:00
churn,48,3f6512f347a14fbe719370aabf9eec87,False,False,False,0.0,-25.0,True,25.0,0.0,2019-12-01 00:00:00,2019-11-01 00:00:00,2019-11-01 00:00:00
new,37,8d4951b73ea4ab60d6c83199861d0646,True,True,False,25.0,25.0,False,0.0,0.0,2019-09-01 00:00:00,2019-09-01 00:00:00,2019-12-01 00:00:00
,37,6303028427bcd61e932e3c6e9e1aa54a,True,False,False,25.0,0.0,True,25.0,25.0,2019-10-01 00:00:00,2019-09-01 00:00:00,2019-12-01 00:00:00
,37,0dfcdf4aca074201c418f7b033b5b42f,True,False,False,25.0,0.0,True,25.0,25.0,2019-11-01 00:00:00,2019-09-01 00:00:00,2019-12-01 00:00:00
,37,ddd1da847e3833a8cc9d51f3cebb4145,True,False,True,25.0,0.0,True,25.0,25.0,2019-12-01 00:00:00,2019-09-01 00:00:00,2019-12-01 00:00:00
churn,37,bf178c20d8fcc66f01e6a134078b16bb,False,False,False,0.0,-25.0,True,25.0,0.0,2020-01-01 00:00:00,2019-09-01 00:00:00,2019-12-01 00:00:00
new,26,34c394444b2f2290641b335aec0e66c5,True,True,False,55.0,55.0,False,0.0,0.0,2019-05-01 00:00:00,2019-05-01 00:00:00,2019-07-01 00:00:00
downgrade,26,84101ad2130918957d68f66bcfa8060b,True,False,False,50.0,-5.0,True,55.0,50.0,2019-06-01 00:00:00,2019-05-01 00:00:00,2019-07-01 00:00:00
,26,343d340ab43acfc949b96a288608a01d,True,False,True,50.0,0.0,True,50.0,50.0,2019-07-01 00:00:00,2019-05-01 00:00:00,2019-07-01 00:00:00
churn,26,47b3144e4b8384d8d2eb386dffe4eb46,False,False,False,0.0,-50.0,True,50.0,0.0,2019-08-01 00:00:00,2019-05-01 00:00:00,2019-07-01 00:00:00
new,17,b4cf4c27f9daa1bdd99269f6bfc62dc2,True,True,False,25.0,25.0,False,0.0,0.0,2018-11-01 00:00:00,2018-11-01 00:00:00,2019-12-01 00:00:00
upgrade,17,4fced4b154c1523eed3078a55bb6d678,True,False,False,50.0,25.0,True,25.0,25.0,2018-12-01 00:00:00,2018-11-01 00:00:00,2019-12-01 00:00:00
,17,e027453f68f2cd6f464b817e052ab8f0,True,False,False,50.0,0.0,True,50.0,50.0,2019-01-01 00:00:00,2018-11-01 00:00:00,2019-12-01 00:00:00
,17,a348d171d10e9dafee9582dbba134357,True,False,False,50.0,0.0,True,50.0,50.0,2019-02-01 00:00:00,2018-11-01 00:00:00,2019-12-01 00:00:00
,17,c91b0e214fc9e9f276dabd70bc8c7d9b,True,False,False,50.0,0.0,True,50.0,50.0,2019-03-01 00:00:00,2018-11-01 00:00:00,2019-12-01 00:00:00
,17,188e436a9cc94716f54a3822cac33423,True,False,False,50.0,0.0,True,50.0,50.0,2019-04-01 00:00:00,2018-11-01 00:00:00,2019-12-01 00:00:00
downgrade,17,8bfb55e46e37f22db74416450691e45e,True,False,False,25.0,-25.0,True,50.0,25.0,2019-05-01 00:00:00,2018-11-01 00:00:00,2019-12-01 00:00:00
upgrade,17,cf5a2b49a9486dc2922b6c6e155301bb,True,False,False,40.0,15.0,True,25.0,25.0,2019-06-01 00:00:00,2018-11-01 00:00:00,2019-12-01 00:00:00
,17,e5f989d1912fe587a013c5087288bea8,True,False,False,40.0,0.0,True,40.0,40.0,2019-07-01 00:00:00,2018-11-01 00:00:00,2019-12-01 00:00:00
,17,95974f17148b6b8663258d4585762339,True,False,False,40.0,0.0,True,40.0,40.0,2019-08-01 00:00:00,2018-11-01 00:00:00,2019-12-01 00:00:00
downgrade,17,078b071f31bc3d6d15cd5c4a86257559,True,False,False,35.0,-5.0,True,40.0,35.0,2019-09-01 00:00:00,2018-11-01 00:00:00,2019-12-01 00:00:00
upgrade,17,c4fafc308290166285ff471d1c20f72e,True,False,False,65.0,30.0,True,35.0,35.0,2019-10-01 00:00:00,2018-11-01 00:00:00,2019-12-01 00:00:00
upgrade,17,bc04f8552bc3421598e6f51b0a40204e,True,False,False,100.0,35.0,True,65.0,65.0,2019-11-01 00:00:00,2018-11-01 00:00:00,2019-12-01 00:00:00
downgrade,17,4fc867a2fa4354d7957ab59f60c85d64,True,False,True,95.0,-5.0,True,100.0,95.0,2019-12-01 00:00:00,2018-11-01 00:00:00,2019-12-01 00:00:00
churn,17,60bc883786d6c84a14a3b83446aeaad2,False,False,False,0.0,-95.0,True,95.0,0.0,2020-01-01 00:00:00,2018-11-01 00:00:00,2019-12-01 00:00:00
new,20,4fb5990d8147e5c43106333606d6e941,True,True,False,25.0,25.0,False,0.0,0.0,2019-01-01 00:00:00,2019-01-01 00:00:00,2019-11-01 00:00:00
upgrade,20,58b6b48eac3b074075a12e2f22368334,True,False,False,50.0,25.0,True,25.0,25.0,2019-02-01 00:00:00,2019-01-01 00:00:00,2019-11-01 00:00:00
,20,41582b4de499c9a3472642dc5a03844a,True,False,False,50.0,0.0,True,50.0,50.0,2019-03-01 00:00:00,2019-01-01 00:00:00,2019-11-01 00:00:00
,20,4a4f97f849d901a4c8e4234c6062667f,True,False,False,50.0,0.0,True,50.0,50.0,2019-04-01 00:00:00,2019-01-01 00:00:00,2019-11-01 00:00:00
,20,530701fde6f2526f997d1efbead941bc,True,False,False,50.0,0.0,True,50.0,50.0,2019-05-01 00:00:00,2019-01-01 00:00:00,2019-11-01 00:00:00
,20,4b347b1c72529ef39ded1be0c4d26731,True,False,False,50.0,0.0,True,50.0,50.0,2019-06-01 00:00:00,2019-01-01 00:00:00,2019-11-01 00:00:00
,20,9cae273103d963115a78b6dde9048123,True,False,False,50.0,0.0,True,50.0,50.0,2019-07-01 00:00:00,2019-01-01 00:00:00,2019-11-01 00:00:00
,20,a72e6e2d3d6c25945cf27b4002f3e88b,True,False,False,50.0,0.0,True,50.0,50.0,2019-08-01 00:00:00,2019-01-01 00:00:00,2019-11-01 00:00:00
,20,bf821ffbbf0da6b9316fef9532399572,True,False,False,50.0,0.0,True,50.0,50.0,2019-09-01 00:00:00,2019-01-01 00:00:00,2019-11-01 00:00:00
,20,27c3c2c1fd00baa72369ce78379266f1,True,False,False,50.0,0.0,True,50.0,50.0,2019-10-01 00:00:00,2019-01-01 00:00:00,2019-11-01 00:00:00
,20,fa5914ad3f06d7cb02f0326e6cbb7d14,True,False,True,50.0,0.0,True,50.0,50.0,2019-11-01 00:00:00,2019-01-01 00:00:00,2019-11-01 00:00:00
churn,20,32d34e5618951e9c49a6c208f1b39f28,False,False,False,0.0,-50.0,True,50.0,0.0,2019-12-01 00:00:00,2019-01-01 00:00:00,2019-11-01 00:00:00
new,42,ea3eb92edb6b5eb55db82f8a05fd0f64,True,True,False,25.0,25.0,False,0.0,0.0,2019-09-01 00:00:00,2019-09-01 00:00:00,2019-11-01 00:00:00
upgrade,42,15919d3efb3132f3c881e7450b4c500c,True,False,False,50.0,25.0,True,25.0,25.0,2019-10-01 00:00:00,2019-09-01 00:00:00,2019-11-01 00:00:00
,42,d1c74539430d4522be7dcd37a0015c76,True,False,True,50.0,0.0,True,50.0,50.0,2019-11-01 00:00:00,2019-09-01 00:00:00,2019-11-01 00:00:00
churn,42,45b0848f4a36a2a1edf6ea7f3868fc66,False,False,False,0.0,-50.0,True,50.0,0.0,2019-12-01 00:00:00,2019-09-01 00:00:00,2019-11-01 00:00:00
new,51,52035709805bf25aa1365513a0a61b51,True,True,True,50.0,50.0,False,0.0,0.0,2020-01-01 00:00:00,2020-01-01 00:00:00,2020-01-01 00:00:00
churn,51,0f308a01d4423c78b15ae3e1bc74de11,False,False,False,0.0,-50.0,True,50.0,0.0,2020-02-01 00:00:00,2020-01-01 00:00:00,2020-01-01 00:00:00
new,22,3c8b20f30b88e732e07e7b1acf9c04e4,True,True,False,25.0,25.0,False,0.0,0.0,2018-12-01 00:00:00,2018-12-01 00:00:00,2019-07-01 00:00:00
upgrade,22,f94ca1a2dcf7257b4f29911ee8d5a3e3,True,False,False,35.0,10.0,True,25.0,25.0,2019-01-01 00:00:00,2018-12-01 00:00:00,2019-07-01 00:00:00
,22,616b03024e8951d1a32f2f9ffceae29a,True,False,False,35.0,0.0,True,35.0,35.0,2019-02-01 00:00:00,2018-12-01 00:00:00,2019-07-01 00:00:00
,22,aeebea25c44d9e53771c494175d9d069,True,False,False,35.0,0.0,True,35.0,35.0,2019-03-01 00:00:00,2018-12-01 00:00:00,2019-07-01 00:00:00
,22,f42d2ea1c05e4e0d2a9085cdb9d15516,True,False,False,35.0,0.0,True,35.0,35.0,2019-04-01 00:00:00,2018-12-01 00:00:00,2019-07-01 00:00:00
,22,981352e8a2fc02c893298a82d974f7d4,True,False,False,35.0,0.0,True,35.0,35.0,2019-05-01 00:00:00,2018-12-01 00:00:00,2019-07-01 00:00:00
,22,7dbd694d7c72c2e742882278c8ef8fdd,True,False,False,35.0,0.0,True,35.0,35.0,2019-06-01 00:00:00,2018-12-01 00:00:00,2019-07-01 00:00:00
,22,6eff6a4651ce1a00dd2a487ac005f9cf,True,False,True,35.0,0.0,True,35.0,35.0,2019-07-01 00:00:00,2018-12-01 00:00:00,2019-07-01 00:00:00
churn,22,93abea97942bf10641200f55815780c5,False,False,False,0.0,-35.0,True,35.0,0.0,2019-08-01 00:00:00,2018-12-01 00:00:00,2019-07-01 00:00:00
new,28,47e4fac195647b978e258821a305dd1c,True,True,False,50.0,50.0,False,0.0,0.0,2019-07-01 00:00:00,2019-07-01 00:00:00,2019-11-01 00:00:00
downgrade,28,1999d5d211d0bcb9572e49ee1ee61981,True,False,False,25.0,-25.0,True,50.0,25.0,2019-08-01 00:00:00,2019-07-01 00:00:00,2019-11-01 00:00:00
,28,d00bfa70fef42fc64a631ca00fcfd611,True,False,False,25.0,0.0,True,25.0,25.0,2019-09-01 00:00:00,2019-07-01 00:00:00,2019-11-01 00:00:00
,28,1d93d7013fe47939853eb335e027cb59,True,False,False,25.0,0.0,True,25.0,25.0,2019-10-01 00:00:00,2019-07-01 00:00:00,2019-11-01 00:00:00
,28,4bf3d0305e17af4548c338312fe29c73,True,False,True,25.0,0.0,True,25.0,25.0,2019-11-01 00:00:00,2019-07-01 00:00:00,2019-11-01 00:00:00
churn,28,7b22af6801680c3be1e456b5863c5f5b,False,False,False,0.0,-25.0,True,25.0,0.0,2019-12-01 00:00:00,2019-07-01 00:00:00,2019-11-01 00:00:00
new,36,f5ac0ac80652f5caf908f926e8ae1842,True,True,False,50.0,50.0,False,0.0,0.0,2019-09-01 00:00:00,2019-09-01 00:00:00,2019-12-01 00:00:00
downgrade,36,e6dc4d1572921c9d499b523e588d7f94,True,False,False,25.0,-25.0,True,50.0,25.0,2019-10-01 00:00:00,2019-09-01 00:00:00,2019-12-01 00:00:00
,36,0f66139b35c0f208fac8d209d937cef6,True,False,False,25.0,0.0,True,25.0,25.0,2019-11-01 00:00:00,2019-09-01 00:00:00,2019-12-01 00:00:00
,36,92d07ff3b5071bd5ccd7727fb4bbba98,True,False,True,25.0,0.0,True,25.0,25.0,2019-12-01 00:00:00,2019-09-01 00:00:00,2019-12-01 00:00:00
churn,36,c0d4adac5569fbf08adb8d0b5ad60108,False,False,False,0.0,-25.0,True,25.0,0.0,2020-01-01 00:00:00,2019-09-01 00:00:00,2019-12-01 00:00:00
new,1,c814c2255bfd1db5d6db424282cebd76,True,True,False,50.0,50.0,False,0.0,0.0,2018-11-01 00:00:00,2018-11-01 00:00:00,2019-07-01 00:00:00
,1,728d6d3bbe1c0611e9ae2fc5dfb960fb,True,False,False,50.0,0.0,True,50.0,50.0,2018-12-01 00:00:00,2018-11-01 00:00:00,2019-07-01 00:00:00
,1,d1591396aded640775be3d9124834659,True,False,False,50.0,0.0,True,50.0,50.0,2019-01-01 00:00:00,2018-11-01 00:00:00,2019-07-01 00:00:00
churn,1,e5eb7dfe338e4afb6f5041d13362277f,False,False,False,0.0,-50.0,True,50.0,0.0,2019-02-01 00:00:00,2018-11-01 00:00:00,2019-07-01 00:00:00
,1,278ecd8218742411b5690bff8cf178f7,False,False,False,0.0,0.0,False,0.0,0.0,2019-03-01 00:00:00,2018-11-01 00:00:00,2019-07-01 00:00:00
reactivation,1,c2061f06727aa2d27b2c9c7754e01431,True,False,False,50.0,50.0,False,0.0,0.0,2019-04-01 00:00:00,2018-11-01 00:00:00,2019-07-01 00:00:00
,1,550f39cce4cd8faff07618a99c1ce5d0,True,False,False,50.0,0.0,True,50.0,50.0,2019-05-01 00:00:00,2018-11-01 00:00:00,2019-07-01 00:00:00
upgrade,1,608a3054912f952801709616c67b662d,True,False,False,75.0,25.0,True,50.0,50.0,2019-06-01 00:00:00,2018-11-01 00:00:00,2019-07-01 00:00:00
,1,cff7d01c8a2dfcc07389b98344e41e2e,True,False,True,75.0,0.0,True,75.0,75.0,2019-07-01 00:00:00,2018-11-01 00:00:00,2019-07-01 00:00:00
churn,1,17f592d79fc2d79b56c0287784b5f85d,False,False,False,0.0,-75.0,True,75.0,0.0,2019-08-01 00:00:00,2018-11-01 00:00:00,2019-07-01 00:00:00
new,19,f6fa1de0673bf59d09827e89f8c4581d,True,True,False,25.0,25.0,False,0.0,0.0,2019-05-01 00:00:00,2019-05-01 00:00:00,2019-12-01 00:00:00
upgrade,19,1a929864ad6a1e2864bfaddb908270aa,True,False,False,50.0,25.0,True,25.0,25.0,2019-06-01 00:00:00,2019-05-01 00:00:00,2019-12-01 00:00:00
,19,f4bbb0500c2af007e1944e62fdb137b0,True,False,False,50.0,0.0,True,50.0,50.0,2019-07-01 00:00:00,2019-05-01 00:00:00,2019-12-01 00:00:00
,19,477c306a616f0a54bdffab84652717ec,True,False,False,50.0,0.0,True,50.0,50.0,2019-08-01 00:00:00,2019-05-01 00:00:00,2019-12-01 00:00:00
,19,278454274f63916819826785567f4025,True,False,False,50.0,0.0,True,50.0,50.0,2019-09-01 00:00:00,2019-05-01 00:00:00,2019-12-01 00:00:00
,19,c3c255c44bf5b03b912910c226059835,True,False,False,50.0,0.0,True,50.0,50.0,2019-10-01 00:00:00,2019-05-01 00:00:00,2019-12-01 00:00:00
,19,1ad31f9ef2114b4918746db64a454754,True,False,False,50.0,0.0,True,50.0,50.0,2019-11-01 00:00:00,2019-05-01 00:00:00,2019-12-01 00:00:00
,19,32ff9d49f903245115b5fa7ee6b1bb0d,True,False,True,50.0,0.0,True,50.0,50.0,2019-12-01 00:00:00,2019-05-01 00:00:00,2019-12-01 00:00:00
churn,19,74e195531ee03bfc5300dac07fc85b75,False,False,False,0.0,-50.0,True,50.0,0.0,2020-01-01 00:00:00,2019-05-01 00:00:00,2019-12-01 00:00:00
new,32,3d29b215610e425c974ba79720c37222,True,True,False,50.0,50.0,False,0.0,0.0,2019-05-01 00:00:00,2019-05-01 00:00:00,2019-12-01 00:00:00
downgrade,32,2b714862724ff3d72a729ffef39df0df,True,False,False,25.0,-25.0,True,50.0,25.0,2019-06-01 00:00:00,2019-05-01 00:00:00,2019-12-01 00:00:00
,32,44c72808a405c15304928a362db15073,True,False,False,25.0,0.0,True,25.0,25.0,2019-07-01 00:00:00,2019-05-01 00:00:00,2019-12-01 00:00:00
,32,5839380d6213a5b5c71d7e3e7dbbd246,True,False,False,25.0,0.0,True,25.0,25.0,2019-08-01 00:00:00,2019-05-01 00:00:00,2019-12-01 00:00:00
,32,e1dc46870602f49356ab42ddeade1a70,True,False,False,25.0,0.0,True,25.0,25.0,2019-09-01 00:00:00,2019-05-01 00:00:00,2019-12-01 00:00:00
,32,d2c01e5cd0eb43ecbb4f5b450fcd6e15,True,False,False,25.0,0.0,True,25.0,25.0,2019-10-01 00:00:00,2019-05-01 00:00:00,2019-12-01 00:00:00
,32,ab431722b0b93c3386279155a21c2b70,True,False,False,25.0,0.0,True,25.0,25.0,2019-11-01 00:00:00,2019-05-01 00:00:00,2019-12-01 00:00:00
,32,6c385ae5e5934d5e11efd53daf0ea823,True,False,True,25.0,0.0,True,25.0,25.0,2019-12-01 00:00:00,2019-05-01 00:00:00,2019-12-01 00:00:00
churn,32,d65eb2eeb4702bb997ddba735f8e4e51,False,False,False,0.0,-25.0,True,25.0,0.0,2020-01-01 00:00:00,2019-05-01 00:00:00,2019-12-01 00:00:00
new,34,22cab9248ef952c9e240c051a499376c,True,True,False,50.0,50.0,False,0.0,0.0,2019-08-01 00:00:00,2019-08-01 00:00:00,2019-12-01 00:00:00
downgrade,34,74077f9819ae4f9f850d8fae346f7ee5,True,False,False,25.0,-25.0,True,50.0,25.0,2019-09-01 00:00:00,2019-08-01 00:00:00,2019-12-01 00:00:00
,34,a5eadc29abafb9e48c1d043a42b8175f,True,False,False,25.0,0.0,True,25.0,25.0,2019-10-01 00:00:00,2019-08-01 00:00:00,2019-12-01 00:00:00
,34,11b0fe6b17a71ecbba85f0b31dbc3e2b,True,False,False,25.0,0.0,True,25.0,25.0,2019-11-01 00:00:00,2019-08-01 00:00:00,2019-12-01 00:00:00
,34,87217c0f01bfdb30b3e1eeececfb2ac4,True,False,True,25.0,0.0,True,25.0,25.0,2019-12-01 00:00:00,2019-08-01 00:00:00,2019-12-01 00:00:00
churn,34,4b4abcf797435470c90075e49ffe4187,False,False,False,0.0,-25.0,True,25.0,0.0,2020-01-01 00:00:00,2019-08-01 00:00:00,2019-12-01 00:00:00
new,9,7884904b226b21d925bce509044ddb8d,True,True,False,85.0,85.0,False,0.0,0.0,2018-05-01 00:00:00,2018-05-01 00:00:00,2019-12-01 00:00:00
downgrade,9,cb973a1d7e8c91cc14908ebbbc959b16,True,False,False,75.0,-10.0,True,85.0,75.0,2018-06-01 00:00:00,2018-05-01 00:00:00,2019-12-01 00:00:00
,9,bd4f805ddc0da6276bc184bcdccecbd5,True,False,False,75.0,0.0,True,75.0,75.0,2018-07-01 00:00:00,2018-05-01 00:00:00,2019-12-01 00:00:00
,9,f1eba283c7c0d61f442c23d41c092d06,True,False,False,75.0,0.0,True,75.0,75.0,2018-08-01 00:00:00,2018-05-01 00:00:00,2019-12-01 00:00:00
,9,8b095028cd6fabef26fb4e7aa8432e77,True,False,False,75.0,0.0,True,75.0,75.0,2018-09-01 00:00:00,2018-05-01 00:00:00,2019-12-01 00:00:00
,9,40619ad5d0d8957d16bc19a54d5ee79e,True,False,False,75.0,0.0,True,75.0,75.0,2018-10-01 00:00:00,2018-05-01 00:00:00,2019-12-01 00:00:00
,9,194f130a9735fd0271ede2313f6d6bff,True,False,False,75.0,0.0,True,75.0,75.0,2018-11-01 00:00:00,2018-05-01 00:00:00,2019-12-01 00:00:00
,9,4575b1eafd687420eae6bb66af4dbc90,True,False,False,75.0,0.0,True,75.0,75.0,2018-12-01 00:00:00,2018-05-01 00:00:00,2019-12-01 00:00:00
,9,1b122dcd426f81f4f74b599615c6958f,True,False,False,75.0,0.0,True,75.0,75.0,2019-01-01 00:00:00,2018-05-01 00:00:00,2019-12-01 00:00:00
,9,e3d86760c1df30dec7234667cc231c06,True,False,False,75.0,0.0,True,75.0,75.0,2019-02-01 00:00:00,2018-05-01 00:00:00,2019-12-01 00:00:00
,9,6657192aa48cdb4fcb87d9d5a8eacc93,True,False,False,75.0,0.0,True,75.0,75.0,2019-03-01 00:00:00,2018-05-01 00:00:00,2019-12-01 00:00:00
,9,8896bb026fd5e5c4b698ff205c8826d4,True,False,False,75.0,0.0,True,75.0,75.0,2019-04-01 00:00:00,2018-05-01 00:00:00,2019-12-01 00:00:00
,9,46595c1cd4764b6a4b0634239bda06a4,True,False,False,75.0,0.0,True,75.0,75.0,2019-05-01 00:00:00,2018-05-01 00:00:00,2019-12-01 00:00:00
,9,89efcb0ae2834601505f255a772ce4f8,True,False,False,75.0,0.0,True,75.0,75.0,2019-06-01 00:00:00,2018-05-01 00:00:00,2019-12-01 00:00:00
,9,6d88561777379d2cf1b793dc5aaae2eb,True,False,False,75.0,0.0,True,75.0,75.0,2019-07-01 00:00:00,2018-05-01 00:00:00,2019-12-01 00:00:00
,9,f01a2f4b51c759060e305e28ff1fc355,True,False,False,75.0,0.0,True,75.0,75.0,2019-08-01 00:00:00,2018-05-01 00:00:00,2019-12-01 00:00:00
,9,8eb6756b0c0246191114b22ac3e3c7ce,True,False,False,75.0,0.0,True,75.0,75.0,2019-09-01 00:00:00,2018-05-01 00:00:00,2019-12-01 00:00:00
,9,18515ba2c5fbfc6e2dd7c73e996e902f,True,False,False,75.0,0.0,True,75.0,75.0,2019-10-01 00:00:00,2018-05-01 00:00:00,2019-12-01 00:00:00
,9,6b31b708a6d9cc4d990d017c8f99ff74,True,False,False,75.0,0.0,True,75.0,75.0,2019-11-01 00:00:00,2018-05-01 00:00:00,2019-12-01 00:00:00
,9,9dd0d450ee14e09bb2f6715fa69d0936,True,False,True,75.0,0.0,True,75.0,75.0,2019-12-01 00:00:00,2018-05-01 00:00:00,2019-12-01 00:00:00
churn,9,66526e6aadc2ae5680b0c3c08bcfb44d,False,False,False,0.0,-75.0,True,75.0,0.0,2020-01-01 00:00:00,2018-05-01 00:00:00,2019-12-01 00:00:00
new,11,ab6e0ec21fea982b584dacce52889a18,True,True,False,30.0,30.0,False,0.0,0.0,2018-09-01 00:00:00,2018-09-01 00:00:00,2019-12-01 00:00:00
upgrade,11,48ba7be8314bf587915ae966cc6349e7,True,False,False,50.0,20.0,True,30.0,30.0,2018-10-01 00:00:00,2018-09-01 00:00:00,2019-12-01 00:00:00
,11,e4fa7540a81ab4d59b3323879b672774,True,False,False,50.0,0.0,True,50.0,50.0,2018-11-01 00:00:00,2018-09-01 00:00:00,2019-12-01 00:00:00
,11,2c525c05973ddec48462b862b828f2c6,True,False,False,50.0,0.0,True,50.0,50.0,2018-12-01 00:00:00,2018-09-01 00:00:00,2019-12-01 00:00:00
,11,d7963e84dfbba71cfcaf182eb727e8b0,True,False,False,50.0,0.0,True,50.0,50.0,2019-01-01 00:00:00,2018-09-01 00:00:00,2019-12-01 00:00:00
,11,a29adb45b448f250201420ef4409f39e,True,False,False,50.0,0.0,True,50.0,50.0,2019-02-01 00:00:00,2018-09-01 00:00:00,2019-12-01 00:00:00
,11,21fd08f538f978a7323a463f6b047db6,True,False,False,50.0,0.0,True,50.0,50.0,2019-03-01 00:00:00,2018-09-01 00:00:00,2019-12-01 00:00:00
,11,b0ef6ed09516f654cd2ef83c964089aa,True,False,False,50.0,0.0,True,50.0,50.0,2019-04-01 00:00:00,2018-09-01 00:00:00,2019-12-01 00:00:00
,11,3be9ab18a3c6a9d0bd590f0da9895c5d,True,False,False,50.0,0.0,True,50.0,50.0,2019-05-01 00:00:00,2018-09-01 00:00:00,2019-12-01 00:00:00
,11,20ecf2fe770b225fdbf420f63dfb6b56,True,False,False,50.0,0.0,True,50.0,50.0,2019-06-01 00:00:00,2018-09-01 00:00:00,2019-12-01 00:00:00
,11,8038e6d7a46fb544992a532f77feabf8,True,False,False,50.0,0.0,True,50.0,50.0,2019-07-01 00:00:00,2018-09-01 00:00:00,2019-12-01 00:00:00
,11,168df0c0b128bd4d26670314fc1a6c6a,True,False,False,50.0,0.0,True,50.0,50.0,2019-08-01 00:00:00,2018-09-01 00:00:00,2019-12-01 00:00:00
,11,47f3e8c2ef92dac7398165ac0015a364,True,False,False,50.0,0.0,True,50.0,50.0,2019-09-01 00:00:00,2018-09-01 00:00:00,2019-12-01 00:00:00
,11,114a47ecc9681a4e8f23b0684970dafe,True,False,False,50.0,0.0,True,50.0,50.0,2019-10-01 00:00:00,2018-09-01 00:00:00,2019-12-01 00:00:00
,11,ba779a2f01f0e36edf608b392e4da9f3,True,False,False,50.0,0.0,True,50.0,50.0,2019-11-01 00:00:00,2018-09-01 00:00:00,2019-12-01 00:00:00
,11,e0eb67ba01aeab8774d2e0ae0d5b6804,True,False,True,50.0,0.0,True,50.0,50.0,2019-12-01 00:00:00,2018-09-01 00:00:00,2019-12-01 00:00:00
churn,11,78407297d42b43414e2d268ca00282a9,False,False,False,0.0,-50.0,True,50.0,0.0,2020-01-01 00:00:00,2018-09-01 00:00:00,2019-12-01 00:00:00
new,44,bac5df7c35fd522ec9c007612d7a9ddb,True,True,False,50.0,50.0,False,0.0,0.0,2019-10-01 00:00:00,2019-10-01 00:00:00,2019-12-01 00:00:00
downgrade,44,e9bdbd3be8e0fd4e433002cf90ff226b,True,False,False,25.0,-25.0,True,50.0,25.0,2019-11-01 00:00:00,2019-10-01 00:00:00,2019-12-01 00:00:00
,44,065bbdf711bca4dfd62c00ff7eca96b1,True,False,True,25.0,0.0,True,25.0,25.0,2019-12-01 00:00:00,2019-10-01 00:00:00,2019-12-01 00:00:00
churn,44,af36f0318acbe6b5637e93c22b2e9caf,False,False,False,0.0,-25.0,True,25.0,0.0,2020-01-01 00:00:00,2019-10-01 00:00:00,2019-12-01 00:00:00
new,41,350cd6e710a2ac3b0f3d92ffbde5b1aa,True,True,False,25.0,25.0,False,0.0,0.0,2019-11-01 00:00:00,2019-11-01 00:00:00,2019-12-01 00:00:00
upgrade,41,f5bad6cdb8bb54a384cffdcf51dd6a45,True,False,True,50.0,25.0,True,25.0,25.0,2019-12-01 00:00:00,2019-11-01 00:00:00,2019-12-01 00:00:00
churn,41,80e63dd69c856f44459b80238535b355,False,False,False,0.0,-50.0,True,50.0,0.0,2020-01-01 00:00:00,2019-11-01 00:00:00,2019-12-01 00:00:00
new,45,175864fe9799b4df8667fe1a4fa6c1c6,True,True,False,45.0,45.0,False,0.0,0.0,2019-10-01 00:00:00,2019-10-01 00:00:00,2019-12-01 00:00:00
downgrade,45,29ead742ef23b748a6d7083b3d867dfd,True,False,False,35.0,-10.0,True,45.0,35.0,2019-11-01 00:00:00,2019-10-01 00:00:00,2019-12-01 00:00:00
,45,0a43790765fa69f42fe833ba6cf33b89,True,False,True,35.0,0.0,True,35.0,35.0,2019-12-01 00:00:00,2019-10-01 00:00:00,2019-12-01 00:00:00
churn,45,5a23b24e7907f773582b2595454a6407,False,False,False,0.0,-35.0,True,35.0,0.0,2020-01-01 00:00:00,2019-10-01 00:00:00,2019-12-01 00:00:00
