user_id,first_story_timestamp,first_comment_timestamp,first_seen,story_count,comment_count,event_count
DHK,,2022-03-01 07:26:19.000000 UTC,2022-03-01 07:26:19.000000 UTC,,1,1
_ft,,2013-01-02 03:08:07.000000 UTC,2013-01-02 03:08:07.000000 UTC,,1,1
e1g,2014-09-17 06:18:13.000000 UTC,2013-04-18 03:12:34.000000 UTC,2013-04-18 03:12:34.000000 UTC,6,382,388
jkg,,2014-02-02 13:35:54.000000 UTC,2014-02-02 13:35:54.000000 UTC,,1,1
kir,2014-11-06 10:49:00.000000 UTC,2014-11-09 10:36:01.000000 UTC,2014-11-06 10:49:00.000000 UTC,3,1,4
naz,2009-10-28 02:58:37.000000 UTC,2009-06-10 08:45:58.000000 UTC,2009-06-10 08:45:58.000000 UTC,14,310,324
rbx,2013-11-12 12:45:40.000000 UTC,2013-12-15 12:31:28.000000 UTC,2013-11-12 12:45:40.000000 UTC,25,26,51
xhl,,2020-04-14 23:13:48.000000 UTC,2020-04-14 23:13:48.000000 UTC,,3,3
Gedd,2022-03-22 19:58:55.000000 UTC,2022-03-23 17:49:24.000000 UTC,2022-03-22 19:58:55.000000 UTC,1,1,2
_dps,2014-09-26 09:51:09.000000 UTC,2011-08-11 00:49:52.000000 UTC,2011-08-11 00:49:52.000000 UTC,11,380,391
cpif,,2022-08-05 18:40:35.000000 UTC,2022-08-05 18:40:35.000000 UTC,,6,6
dopu,2016-02-09 05:50:50.000000 UTC,2016-01-06 15:59:41.000000 UTC,2016-01-06 15:59:41.000000 UTC,9,101,110
hden,2013-12-03 00:55:27.000000 UTC,2015-12-23 05:46:59.000000 UTC,2013-12-03 00:55:27.000000 UTC,4,21,25
hovl,2015-11-08 21:07:44.000000 UTC,2015-11-13 21:16:21.000000 UTC,2015-11-08 21:07:44.000000 UTC,6,1,7
jknz,2014-03-01 23:14:46.000000 UTC,2013-06-13 20:04:43.000000 UTC,2013-06-13 20:04:43.000000 UTC,1,136,137
jrwr,2017-04-30 18:59:39.000000 UTC,2017-08-12 19:54:04.000000 UTC,2017-04-30 18:59:39.000000 UTC,5,90,95
kxh6,2020-04-02 07:02:57.000000 UTC,2020-04-03 20:50:08.000000 UTC,2020-04-02 07:02:57.000000 UTC,2,2,4
mjol,,2021-06-29 05:10:16.000000 UTC,2021-06-29 05:10:16.000000 UTC,,3,3
qguv,2016-11-14 18:58:31.000000 UTC,2014-05-27 16:15:01.000000 UTC,2014-05-27 16:15:01.000000 UTC,2,21,23
r8yp,,2009-11-04 01:49:41.000000 UTC,2009-11-04 01:49:41.000000 UTC,,1,1
smap,,2008-11-10 14:32:13.000000 UTC,2008-11-10 14:32:13.000000 UTC,,3,3
ssmm,2010-05-03 03:51:20.000000 UTC,2010-05-02 00:41:50.000000 UTC,2010-05-02 00:41:50.000000 UTC,1,2,3
ssut,2015-06-28 12:27:27.000000 UTC,2020-12-07 13:58:29.000000 UTC,2015-06-28 12:27:27.000000 UTC,12,1,13
swec,2019-09-03 20:43:18.000000 UTC,2019-11-20 20:51:23.000000 UTC,2019-09-03 20:43:18.000000 UTC,13,1,14
tyxl,,2012-10-31 05:38:21.000000 UTC,2012-10-31 05:38:21.000000 UTC,,1,1
vjba,2019-10-14 08:42:50.000000 UTC,2019-10-13 17:14:17.000000 UTC,2019-10-13 17:14:17.000000 UTC,1,5,6
xeed,,2016-10-22 18:06:34.000000 UTC,2016-10-22 18:06:34.000000 UTC,,1,1
xorp,,2021-11-16 15:59:08.000000 UTC,2021-11-16 15:59:08.000000 UTC,,1,1
Btcpx,,2017-11-05 03:14:46.000000 UTC,2017-11-05 03:14:46.000000 UTC,,3,3
Buxel,,2020-08-19 06:18:41.000000 UTC,2020-08-19 06:18:41.000000 UTC,,1,1
Defoe,2022-08-13 00:37:49.000000 UTC,2022-08-13 00:37:49.000000 UTC,2022-08-13 00:37:49.000000 UTC,6,3,9
EricE,,2018-12-19 04:20:22.000000 UTC,2018-12-19 04:20:22.000000 UTC,,1798,1798
G3n0s,,2022-10-05 10:41:45.000000 UTC,2022-10-05 10:41:45.000000 UTC,,1,1
Jeeko,2014-12-29 21:15:14.000000 UTC,2014-12-29 21:15:43.000000 UTC,2014-12-29 21:15:14.000000 UTC,2,1,3
Kitco,,2011-04-19 02:10:16.000000 UTC,2011-04-19 02:10:16.000000 UTC,,3,3
Ma8ee,,2013-05-05 14:25:15.000000 UTC,2013-05-05 14:25:15.000000 UTC,,1301,1301
MuEta,2015-11-03 18:15:33.000000 UTC,2015-12-07 19:31:38.000000 UTC,2015-11-03 18:15:33.000000 UTC,5,17,22
R3dv3,2020-08-02 12:13:03.000000 UTC,2021-10-13 19:04:25.000000 UTC,2020-08-02 12:13:03.000000 UTC,1,1,2
S6eUL,2022-04-12 18:12:44.000000 UTC,2021-11-01 12:19:05.000000 UTC,2021-11-01 12:19:05.000000 UTC,1,12,13
SBG11,,2015-07-20 17:24:58.000000 UTC,2015-07-20 17:24:58.000000 UTC,,5,5
SuzyM,,2017-01-20 19:33:22.000000 UTC,2017-01-20 19:33:22.000000 UTC,,2,2
Tiksi,2014-05-09 08:54:26.000000 UTC,2013-10-14 14:08:50.000000 UTC,2013-10-14 14:08:50.000000 UTC,3,397,400
Tphil,,2022-08-09 07:16:15.000000 UTC,2022-08-09 07:16:15.000000 UTC,,8,8
_8gfe,,2020-09-28 09:21:46.000000 UTC,2020-09-28 09:21:46.000000 UTC,,1,1
_jahh,,2016-12-21 19:53:44.000000 UTC,2016-12-21 19:53:44.000000 UTC,,100,100
_lm1s,,2019-08-28 15:17:11.000000 UTC,2019-08-28 15:17:11.000000 UTC,,2,2
_roqj,,2021-02-11 21:05:52.000000 UTC,2021-02-11 21:05:52.000000 UTC,,3,3
a1233,,2022-02-22 23:09:50.000000 UTC,2022-02-22 23:09:50.000000 UTC,,1,1
aleja,,2010-09-08 02:56:17.000000 UTC,2010-09-08 02:56:17.000000 UTC,,2,2
ali77,,2022-06-16 19:38:10.000000 UTC,2022-06-16 19:38:10.000000 UTC,,1,1
ambuj,2012-12-29 14:41:31.000000 UTC,2012-01-25 08:55:52.000000 UTC,2012-01-25 08:55:52.000000 UTC,21,6,27
assoc,,2016-04-03 11:23:10.000000 UTC,2016-04-03 11:23:10.000000 UTC,,1,1
audis,,2015-12-07 10:56:07.000000 UTC,2015-12-07 10:56:07.000000 UTC,,1,1
aujar,,2020-12-24 23:11:20.000000 UTC,2020-12-24 23:11:20.000000 UTC,,1,1
blark,,2022-08-30 20:12:17.000000 UTC,2022-08-30 20:12:17.000000 UTC,,6,6
choto,2020-08-29 10:52:25.000000 UTC,2019-04-21 16:29:12.000000 UTC,2019-04-21 16:29:12.000000 UTC,1,2,3
coolk,,2011-12-28 17:14:41.000000 UTC,2011-12-28 17:14:41.000000 UTC,,1,1
cyanf,2022-04-30 10:43:48.000000 UTC,2021-01-18 18:12:52.000000 UTC,2021-01-18 18:12:52.000000 UTC,2,11,13
delld,,2009-08-03 12:01:59.000000 UTC,2009-08-03 12:01:59.000000 UTC,,6,6
enodo,,2009-04-30 20:04:20.000000 UTC,2009-04-30 20:04:20.000000 UTC,,1,1
eries,2008-09-06 07:49:49.000000 UTC,2008-09-06 08:09:27.000000 UTC,2008-09-06 07:49:49.000000 UTC,45,351,397
ert23,,2018-04-24 09:00:50.000000 UTC,2018-04-24 09:00:50.000000 UTC,,3,3
gerts,,2012-06-29 19:01:52.000000 UTC,2012-06-29 19:01:52.000000 UTC,,14,14
gotts,2022-04-19 22:19:05.000000 UTC,2014-03-11 03:37:32.000000 UTC,2014-03-11 03:37:32.000000 UTC,1,70,71
gowan,2014-11-13 08:54:43.000000 UTC,2014-07-04 17:16:59.000000 UTC,2014-07-04 17:16:59.000000 UTC,10,43,53
gurdo,2012-10-27 15:29:50.000000 UTC,2012-11-11 07:28:37.000000 UTC,2012-10-27 15:29:50.000000 UTC,19,5,24
ihulk,,2020-06-22 02:15:36.000000 UTC,2020-06-22 02:15:36.000000 UTC,,1,1
infer,2013-04-24 21:53:46.000000 UTC,2013-05-01 18:29:55.000000 UTC,2013-04-24 21:53:46.000000 UTC,1,22,23
j_syk,,2014-10-21 15:41:00.000000 UTC,2014-10-21 15:41:00.000000 UTC,,11,11
jampa,2017-06-28 18:52:01.000000 UTC,2016-08-23 19:24:55.000000 UTC,2016-08-23 19:24:55.000000 UTC,3,23,26
jaybe,,2008-05-16 19:48:08.000000 UTC,2008-05-16 19:48:08.000000 UTC,,1,1
kydoh,2010-08-06 19:46:03.000000 UTC,2010-07-18 02:06:28.000000 UTC,2010-07-18 02:06:28.000000 UTC,17,1,18
mgubi,2020-04-10 11:43:00.000000 UTC,2019-06-29 14:10:49.000000 UTC,2019-06-29 14:10:49.000000 UTC,8,64,72
mpjme,2015-07-28 12:25:36.000000 UTC,2016-05-15 10:28:21.000000 UTC,2015-07-28 12:25:36.000000 UTC,8,8,16
myxie,,2017-11-12 04:28:20.000000 UTC,2017-11-12 04:28:20.000000 UTC,,1,1
naush,,2012-03-25 04:45:11.000000 UTC,2012-03-25 04:45:11.000000 UTC,,4,4
prmph,2016-01-11 20:39:49.000000 UTC,2016-01-09 05:32:01.000000 UTC,2016-01-09 05:32:01.000000 UTC,134,236,370
qapla,,2020-12-30 10:44:39.000000 UTC,2020-12-30 10:44:39.000000 UTC,,3,3
rkj01,,2017-07-28 20:02:49.000000 UTC,2017-07-28 20:02:49.000000 UTC,,1,1
rugai,,2018-12-01 04:23:11.000000 UTC,2018-12-01 04:23:11.000000 UTC,,1,1
slile,,2011-02-16 19:28:20.000000 UTC,2011-02-16 19:28:20.000000 UTC,,1,1
trosc,,2013-11-27 20:40:46.000000 UTC,2013-11-27 20:40:46.000000 UTC,,1,1
tykko,,2013-02-24 10:52:34.000000 UTC,2013-02-24 10:52:34.000000 UTC,,1,1
v1r3n,,2013-04-25 23:53:37.000000 UTC,2013-04-25 23:53:37.000000 UTC,,1,1
vinch,2012-04-04 01:19:55.000000 UTC,2017-10-29 11:04:46.000000 UTC,2012-04-04 01:19:55.000000 UTC,2,1,3
whamo,,2010-03-18 18:26:25.000000 UTC,2010-03-18 18:26:25.000000 UTC,,1,1
yrral,,2010-06-04 09:16:08.000000 UTC,2010-06-04 09:16:08.000000 UTC,,108,108
zxexz,2014-02-25 17:50:00.000000 UTC,2014-02-27 06:45:27.000000 UTC,2014-02-25 17:50:00.000000 UTC,21,219,240
3gp4g4,,2017-04-03 15:45:12.000000 UTC,2017-04-03 15:45:12.000000 UTC,,1,1
Action,,2009-08-20 12:50:16.000000 UTC,2009-08-20 12:50:16.000000 UTC,,1,1
Happos,,2022-08-29 07:26:24.000000 UTC,2022-08-29 07:26:24.000000 UTC,,8,8
Joller,,2018-09-18 20:37:55.000000 UTC,2018-09-18 20:37:55.000000 UTC,,1,1
PyDude,,2020-11-13 08:58:26.000000 UTC,2020-11-13 08:58:26.000000 UTC,,1,1
Sayter,2011-06-15 10:38:31.000000 UTC,2010-10-15 15:18:49.000000 UTC,2010-10-15 15:18:49.000000 UTC,1,52,53
TheLML,,2013-11-29 11:29:25.000000 UTC,2013-11-29 11:29:25.000000 UTC,,17,17
Zinc64,,2017-06-14 22:31:08.000000 UTC,2017-06-14 22:31:08.000000 UTC,,1,1
adamrg,,2012-01-13 11:17:31.000000 UTC,2012-01-13 11:17:31.000000 UTC,,2,2
adi18g,,2019-04-23 04:04:42.000000 UTC,2019-04-23 04:04:42.000000 UTC,,2,2
av2297,2022-10-13 22:42:21.000000 UTC,2022-10-14 07:40:30.000000 UTC,2022-10-13 22:42:21.000000 UTC,1,1,2
axljjn,2021-04-19 05:43:41.000000 UTC,2020-12-29 14:44:45.000000 UTC,2020-12-29 14:44:45.000000 UTC,3,40,43
baltoo,2008-10-27 14:22:32.000000 UTC,2008-04-25 21:02:24.000000 UTC,2008-04-25 21:02:24.000000 UTC,2,47,49
bholdr,2015-04-11 01:55:25.000000 UTC,2015-09-16 01:50:15.000000 UTC,2015-04-11 01:55:25.000000 UTC,42,27,69
blogle,2018-11-15 19:43:28.000000 UTC,2015-02-07 18:57:44.000000 UTC,2015-02-07 18:57:44.000000 UTC,2,5,7
bmo311,,2016-07-27 16:29:51.000000 UTC,2016-07-27 16:29:51.000000 UTC,,1,1
caeril,2020-08-26 20:59:37.000000 UTC,2020-08-13 15:48:07.000000 UTC,2020-08-13 15:48:07.000000 UTC,2,479,481
catach,,2017-10-31 17:21:43.000000 UTC,2017-10-31 17:21:43.000000 UTC,,226,226
cbnits,2018-07-07 18:34:15.000000 UTC,2018-07-07 18:47:19.000000 UTC,2018-07-07 18:34:15.000000 UTC,3,4,7
coders,2010-02-26 15:17:05.000000 UTC,2011-07-03 14:58:54.000000 UTC,2010-02-26 15:17:05.000000 UTC,13,17,30
dan33l,,2021-02-24 10:56:36.000000 UTC,2021-02-24 10:56:36.000000 UTC,,1,1
danjme,,2012-03-30 13:08:24.000000 UTC,2012-03-30 13:08:24.000000 UTC,,2,2
davorb,2012-01-22 12:06:44.000000 UTC,2011-11-30 20:02:06.000000 UTC,2011-11-30 20:02:06.000000 UTC,6,146,152
dcsoft,,2016-08-01 11:13:47.000000 UTC,2016-08-01 11:13:47.000000 UTC,,1,1
derzik,,2019-03-19 12:43:18.000000 UTC,2019-03-19 12:43:18.000000 UTC,,2,2
dobeos,,2017-04-18 22:31:41.000000 UTC,2017-04-18 22:31:41.000000 UTC,,1,1
dpatac,,2013-07-24 15:51:14.000000 UTC,2013-07-24 15:51:14.000000 UTC,,6,6
dripiv,,2021-04-01 10:37:26.000000 UTC,2021-04-01 10:37:26.000000 UTC,,4,4
drooby,2021-03-27 14:26:31.000000 UTC,2021-03-08 12:47:49.000000 UTC,2021-03-08 12:47:49.000000 UTC,9,172,181
einjen,,2013-03-19 17:28:00.000000 UTC,2013-03-19 17:28:00.000000 UTC,,1,1
emtoor,,2019-08-08 22:16:54.000000 UTC,2019-08-08 22:16:54.000000 UTC,,2,2
europr,,2020-01-26 16:16:08.000000 UTC,2020-01-26 16:16:08.000000 UTC,,1,1
farmin,,2021-11-05 20:36:04.000000 UTC,2021-11-05 20:36:04.000000 UTC,,76,76
fdom88,2019-01-28 15:59:51.000000 UTC,2019-02-01 17:50:33.000000 UTC,2019-01-28 15:59:51.000000 UTC,1,2,3
finmin,,2018-07-26 11:15:32.000000 UTC,2018-07-26 11:15:32.000000 UTC,,4,4
folnop,2013-06-15 01:17:08.000000 UTC,2013-06-15 03:53:15.000000 UTC,2013-06-15 01:17:08.000000 UTC,2,1,3
frywhy,,2015-05-27 08:56:42.000000 UTC,2015-05-27 08:56:42.000000 UTC,,2,2
galosh,2022-02-03 19:34:29.000000 UTC,2022-01-24 16:34:49.000000 UTC,2022-01-24 16:34:49.000000 UTC,1,16,17
gypsim,,2019-02-03 18:36:31.000000 UTC,2019-02-03 18:36:31.000000 UTC,,1,1
herova,,2018-09-17 19:48:58.000000 UTC,2018-09-17 19:48:58.000000 UTC,,17,17
hnbits,,2018-04-17 04:15:43.000000 UTC,2018-04-17 04:15:43.000000 UTC,,2,2
houfro,,2013-12-06 06:02:08.000000 UTC,2013-12-06 06:02:08.000000 UTC,,1,1
jaynow,,2012-01-26 13:08:28.000000 UTC,2012-01-26 13:08:28.000000 UTC,,1,1
jechen,2013-06-15 06:43:29.000000 UTC,2011-07-05 03:35:41.000000 UTC,2011-07-05 03:35:41.000000 UTC,1,45,46
jmh530,,2017-08-23 20:03:05.000000 UTC,2017-08-23 20:03:05.000000 UTC,,50,50
jortrp,,2013-01-15 06:12:45.000000 UTC,2013-01-15 06:12:45.000000 UTC,,4,4
jrwren,,2013-11-10 15:52:25.000000 UTC,2013-11-10 15:52:25.000000 UTC,,2,2
kali46,,2017-08-12 14:49:33.000000 UTC,2017-08-12 14:49:33.000000 UTC,,2,2
kaygun,,2014-09-12 11:14:32.000000 UTC,2014-09-12 11:14:32.000000 UTC,,1,1
khyryk,2014-05-13 22:37:30.000000 UTC,2012-02-05 00:50:11.000000 UTC,2012-02-05 00:50:11.000000 UTC,3,196,199
kkotak,2013-05-16 06:46:35.000000 UTC,2012-08-01 14:59:45.000000 UTC,2012-08-01 14:59:45.000000 UTC,7,175,182
labuan,,2015-08-01 09:33:22.000000 UTC,2015-08-01 09:33:22.000000 UTC,,1,1
lausek,2022-01-15 14:28:07.000000 UTC,2022-04-07 20:23:18.000000 UTC,2022-01-15 14:28:07.000000 UTC,1,2,3
lolusa,,2020-04-17 07:21:06.000000 UTC,2020-04-17 07:21:06.000000 UTC,,1,1
martro,,2022-01-29 18:33:30.000000 UTC,2022-01-29 18:33:30.000000 UTC,,1,1
mattob,2020-11-11 19:16:08.000000 UTC,2020-11-11 19:16:08.000000 UTC,2020-11-11 19:16:08.000000 UTC,3,4,7
mbs348,2012-08-02 15:16:07.000000 UTC,2012-06-19 18:25:49.000000 UTC,2012-06-19 18:25:49.000000 UTC,5,45,61
merkat,2011-12-21 10:57:29.000000 UTC,2011-11-19 19:42:11.000000 UTC,2011-11-19 19:42:11.000000 UTC,1,5,6
mesome,,2013-06-03 23:46:36.000000 UTC,2013-06-03 23:46:36.000000 UTC,,1,1
mishap,,2013-10-02 23:19:36.000000 UTC,2013-10-02 23:19:36.000000 UTC,,1,1
mz23in,,2013-11-29 11:45:21.000000 UTC,2013-11-29 11:45:21.000000 UTC,,3,3
nehess,,2015-09-01 23:06:25.000000 UTC,2015-09-01 23:06:25.000000 UTC,,1,1
nimat9,2015-07-21 21:20:56.000000 UTC,2016-03-22 21:04:45.000000 UTC,2015-07-21 21:20:56.000000 UTC,4,1,5
osahun,,2022-06-02 07:20:23.000000 UTC,2022-06-02 07:20:23.000000 UTC,,1,1
pal_25,2016-05-12 16:28:07.000000 UTC,2016-05-12 16:33:22.000000 UTC,2016-05-12 16:28:07.000000 UTC,17,7,24
phiggy,2010-12-07 01:52:24.000000 UTC,2010-12-19 21:40:39.000000 UTC,2010-12-07 01:52:24.000000 UTC,63,6,69
piebob,,2014-03-02 19:17:21.000000 UTC,2014-03-02 19:17:21.000000 UTC,,2,2
pikkaB,2019-04-02 14:21:55.000000 UTC,2019-03-24 20:22:24.000000 UTC,2019-03-24 20:22:24.000000 UTC,1,1,2
pleo__,,2022-11-01 18:12:07.000000 UTC,2022-11-01 18:12:07.000000 UTC,,1,1
quim05,,2013-12-13 13:24:28.000000 UTC,2013-12-13 13:24:28.000000 UTC,,6,6
reh297,,2008-12-27 12:05:46.000000 UTC,2008-12-27 12:05:46.000000 UTC,,1,1
ryuran,,2008-07-24 16:12:50.000000 UTC,2008-07-24 16:12:50.000000 UTC,,1,1
s_luna,,2020-02-21 16:29:26.000000 UTC,2020-02-21 16:29:26.000000 UTC,,1,1
sct202,2018-03-22 19:51:32.000000 UTC,2017-11-30 22:28:32.000000 UTC,2017-11-30 22:28:32.000000 UTC,1,906,907
talian,,2015-01-04 21:24:20.000000 UTC,2015-01-04 21:24:20.000000 UTC,,5,5
tetrep,2014-03-10 15:25:51.000000 UTC,2013-06-26 22:57:07.000000 UTC,2013-06-26 22:57:07.000000 UTC,18,321,339
u2c4m6,,2021-10-05 23:47:28.000000 UTC,2021-10-05 23:47:28.000000 UTC,,9,9
vibbix,,2022-05-07 15:47:47.000000 UTC,2022-05-07 15:47:47.000000 UTC,,1,1
webjpa,,2020-08-28 17:44:03.000000 UTC,2020-08-28 17:44:03.000000 UTC,,2,2
whenov,,2016-02-07 08:32:36.000000 UTC,2016-02-07 08:32:36.000000 UTC,,4,4
wwayer,2015-12-23 16:30:14.000000 UTC,2015-11-03 15:50:06.000000 UTC,2015-11-03 15:50:06.000000 UTC,5,24,29
x86_64,2011-11-20 08:06:37.000000 UTC,2011-11-24 09:07:16.000000 UTC,2011-11-20 08:06:37.000000 UTC,8,9,17
zeluve,,2016-11-08 01:35:51.000000 UTC,2016-11-08 01:35:51.000000 UTC,,5,5
zezewn,,2017-12-26 15:52:29.000000 UTC,2017-12-26 15:52:29.000000 UTC,,1,1
AWalrus,,2012-08-23 13:36:11.000000 UTC,2012-08-23 13:36:11.000000 UTC,,3,3
AdelH45,2014-07-15 20:46:15.000000 UTC,2014-04-15 21:47:29.000000 UTC,2014-04-15 21:47:29.000000 UTC,1,1,2
Anetcom,2015-04-02 22:18:18.000000 UTC,2015-04-02 22:24:31.000000 UTC,2015-04-02 22:18:18.000000 UTC,2,1,3
ElliotA,,2019-03-04 19:54:17.000000 UTC,2019-03-04 19:54:17.000000 UTC,,2,2
JJColao,2011-02-28 09:35:42.000000 UTC,2012-07-12 02:47:28.000000 UTC,2011-02-28 09:35:42.000000 UTC,29,6,35
JunoNgx,,2021-07-14 09:55:52.000000 UTC,2021-07-14 09:55:52.000000 UTC,,1,1
MolHill,,2021-04-10 00:57:36.000000 UTC,2021-04-10 00:57:36.000000 UTC,,2,2
PandaMX,,2015-06-12 08:58:22.000000 UTC,2015-06-12 08:58:22.000000 UTC,,1,1
Ptrulli,2019-08-29 15:03:34.000000 UTC,2019-10-02 12:46:02.000000 UTC,2019-08-29 15:03:34.000000 UTC,30,33,63
Shaping,,2010-04-26 23:13:45.000000 UTC,2010-04-26 23:13:45.000000 UTC,,1,1
Vardhan,,2013-10-19 21:09:25.000000 UTC,2013-10-19 21:09:25.000000 UTC,,11,11
alzamos,,2022-06-26 08:46:58.000000 UTC,2022-06-26 08:46:58.000000 UTC,,2,2
andre-m,,2017-12-21 16:50:56.000000 UTC,2017-12-21 16:50:56.000000 UTC,,3,3
apollo_,2014-08-19 12:59:52.000000 UTC,2016-11-18 14:21:19.000000 UTC,2014-08-19 12:59:52.000000 UTC,1,7,8
awayand,2013-01-05 00:54:17.000000 UTC,2011-08-07 06:52:50.000000 UTC,2011-08-07 06:52:50.000000 UTC,2,39,41
bluemoo,,2007-02-25 21:27:24.000000 UTC,2007-02-25 21:27:24.000000 UTC,,8,8
bm2yogi,,2017-06-30 19:57:42.000000 UTC,2017-06-30 19:57:42.000000 UTC,,1,1
burajin,,2020-04-17 23:43:33.000000 UTC,2020-04-17 23:43:33.000000 UTC,,1,1
chungpv,2022-09-23 06:50:57.000000 UTC,2022-09-23 06:50:57.000000 UTC,2022-09-23 06:50:57.000000 UTC,1,1,2
cjenken,2022-02-10 19:32:03.000000 UTC,2015-11-15 20:45:22.000000 UTC,2015-11-15 20:45:22.000000 UTC,1,5,6
clogva1,,2020-06-09 13:55:39.000000 UTC,2020-06-09 13:55:39.000000 UTC,,1,1
cmcluck,2016-11-17 16:15:29.000000 UTC,2015-04-23 18:26:48.000000 UTC,2015-04-23 18:26:48.000000 UTC,3,15,18
davidb_,2016-02-05 19:45:01.000000 UTC,2012-07-01 03:54:51.000000 UTC,2012-07-01 03:54:51.000000 UTC,1,36,37
debdrup,,2017-08-22 13:29:29.000000 UTC,2017-08-22 13:29:29.000000 UTC,,9,9
demlulz,,2013-05-18 06:58:34.000000 UTC,2013-05-18 06:58:34.000000 UTC,,1,1
disport,,2020-10-06 21:48:35.000000 UTC,2020-10-06 21:48:35.000000 UTC,,4,4
donatzm,,2016-02-21 17:10:49.000000 UTC,2016-02-21 17:10:49.000000 UTC,,1,1
doobley,,2013-04-28 19:11:18.000000 UTC,2013-04-28 19:11:18.000000 UTC,,5,5
dr_mork,2021-12-23 12:20:20.000000 UTC,2021-12-23 19:26:37.000000 UTC,2021-12-23 12:20:20.000000 UTC,9,3,12
drachel,,2014-05-06 12:50:27.000000 UTC,2014-05-06 12:50:27.000000 UTC,,1,1
easeout,2022-07-01 02:17:30.000000 UTC,2022-06-26 00:04:18.000000 UTC,2022-06-26 00:04:18.000000 UTC,1,15,16
enorlin,,2007-05-10 18:38:16.000000 UTC,2007-05-10 18:38:16.000000 UTC,,1,1
ffrryuu,2013-11-04 23:54:21.000000 UTC,2013-09-05 20:09:48.000000 UTC,2013-09-05 20:09:48.000000 UTC,6,194,200
fgrinda,,2008-07-28 14:30:23.000000 UTC,2008-07-28 14:30:23.000000 UTC,,3,3
foo2020,,2020-06-03 12:31:18.000000 UTC,2020-06-03 12:31:18.000000 UTC,,3,3
froball,,2012-09-16 16:59:34.000000 UTC,2012-09-16 16:59:34.000000 UTC,,1,1
hayalci,,2020-12-20 10:38:14.000000 UTC,2020-12-20 10:38:14.000000 UTC,,3,3
henriks,,2012-06-21 10:02:30.000000 UTC,2012-06-21 10:02:30.000000 UTC,,34,34
higfujk,,2019-03-21 12:24:43.000000 UTC,2019-03-21 12:24:43.000000 UTC,,2,2
igmarin,,2014-04-10 15:17:35.000000 UTC,2014-04-10 15:17:35.000000 UTC,,1,1
imensia,,2021-11-02 20:29:10.000000 UTC,2021-11-02 20:29:10.000000 UTC,,1,1
intelfx,,2015-09-15 00:49:21.000000 UTC,2015-09-15 00:49:21.000000 UTC,,7,7
jfcisco,,2021-08-30 09:10:18.000000 UTC,2021-08-30 09:10:18.000000 UTC,,2,2
jnellis,,2013-04-28 04:54:14.000000 UTC,2013-04-28 04:54:14.000000 UTC,,67,67
johsgrd,,2011-03-14 11:01:37.000000 UTC,2011-03-14 11:01:37.000000 UTC,,1,1
jtothez,2022-01-13 20:39:14.000000 UTC,2022-01-13 21:31:45.000000 UTC,2022-01-13 20:39:14.000000 UTC,1,1,2
khangnd,2020-11-02 04:46:06.000000 UTC,2020-11-02 04:46:06.000000 UTC,2020-11-02 04:46:06.000000 UTC,26,10,36
korfuri,2022-02-09 07:46:11.000000 UTC,2018-02-13 14:45:12.000000 UTC,2018-02-13 14:45:12.000000 UTC,1,9,10
kwahyaj,,2016-02-11 17:54:54.000000 UTC,2016-02-11 17:54:54.000000 UTC,,2,2
lai-yin,2021-01-03 18:47:39.000000 UTC,2020-12-30 00:24:57.000000 UTC,2020-12-30 00:24:57.000000 UTC,24,59,83
lajolla,,2017-11-26 21:43:38.000000 UTC,2017-11-26 21:43:38.000000 UTC,,1,1
lnandor,,2014-06-22 07:57:34.000000 UTC,2014-06-22 07:57:34.000000 UTC,,2,2
lost953,,2016-10-14 06:07:37.000000 UTC,2016-10-14 06:07:37.000000 UTC,,14,14
mark007,2008-07-29 14:44:03.000000 UTC,2008-07-29 14:44:41.000000 UTC,2008-07-29 14:44:03.000000 UTC,1,1,2
meganap,,2013-08-01 17:56:35.000000 UTC,2013-08-01 17:56:35.000000 UTC,,2,2
neilb14,2016-11-04 21:18:39.000000 UTC,2016-11-04 21:46:27.000000 UTC,2016-11-04 21:18:39.000000 UTC,1,1,2
nestorp,2015-07-29 09:24:44.000000 UTC,2015-07-04 19:46:54.000000 UTC,2015-07-04 19:46:54.000000 UTC,8,27,35
nirinor,,2022-04-22 02:46:03.000000 UTC,2022-04-22 02:46:03.000000 UTC,,5,5
nzjixiv,,2018-07-17 18:09:22.000000 UTC,2018-07-17 18:09:22.000000 UTC,,1,1
opt_out,,2019-04-23 03:58:39.000000 UTC,2019-04-23 03:58:39.000000 UTC,,1,1
osxrand,2014-01-23 18:40:17.000000 UTC,2013-11-19 17:04:23.000000 UTC,2013-11-19 17:04:23.000000 UTC,3,73,76
ountacc,,2015-12-09 12:42:31.000000 UTC,2015-12-09 12:42:31.000000 UTC,,1,1
pedrotp,2016-12-29 16:09:54.000000 UTC,2015-10-09 18:10:11.000000 UTC,2015-10-09 18:10:11.000000 UTC,1,1,2
phswiss,2018-03-16 11:20:50.000000 UTC,2018-03-09 14:05:15.000000 UTC,2018-03-09 14:05:15.000000 UTC,8,1,9
pnorvig,,2009-11-15 22:30:39.000000 UTC,2009-11-15 22:30:39.000000 UTC,,3,3
ptcrash,2020-06-13 22:09:59.000000 UTC,2020-06-13 22:10:35.000000 UTC,2020-06-13 22:09:59.000000 UTC,3,33,36
rankdit,2015-12-14 10:44:33.000000 UTC,2016-04-25 09:07:51.000000 UTC,2015-12-14 10:44:33.000000 UTC,2,1,3
rene_lf,,2017-01-03 00:08:16.000000 UTC,2017-01-03 00:08:16.000000 UTC,,1,1
rfjason,,2012-12-09 03:34:14.000000 UTC,2012-12-09 03:34:14.000000 UTC,,1,1
rwwmike,2010-12-18 17:44:40.000000 UTC,2010-10-11 16:02:36.000000 UTC,2010-10-11 16:02:36.000000 UTC,66,46,112
schtitt,2018-04-15 14:56:08.000000 UTC,2017-02-27 12:05:38.000000 UTC,2017-02-27 12:05:38.000000 UTC,1,24,25
sdavej5,,2016-10-04 08:33:02.000000 UTC,2016-10-04 08:33:02.000000 UTC,,1,1
seephuz,,2018-06-11 23:16:46.000000 UTC,2018-06-11 23:16:46.000000 UTC,,1,1
shswkna,2022-03-13 14:39:28.000000 UTC,2021-12-29 05:54:44.000000 UTC,2021-12-29 05:54:44.000000 UTC,5,52,57
singron,2020-04-02 20:34:11.000000 UTC,2013-12-01 17:44:48.000000 UTC,2013-12-01 17:44:48.000000 UTC,3,371,374
skaphan,,2009-10-25 15:23:22.000000 UTC,2009-10-25 15:23:22.000000 UTC,,9,9
soulbow,,2011-06-26 19:50:24.000000 UTC,2011-06-26 19:50:24.000000 UTC,,7,7
sydeaka,,2020-03-23 18:52:50.000000 UTC,2020-03-23 18:52:50.000000 UTC,,1,1
szajbus,2011-08-11 11:00:52.000000 UTC,2012-07-27 10:36:16.000000 UTC,2011-08-11 11:00:52.000000 UTC,10,10,20
tia4tia,,2020-06-16 17:30:00.000000 UTC,2020-06-16 17:30:00.000000 UTC,,14,14
tiravia,2020-06-30 13:07:54.000000 UTC,2020-08-03 20:39:27.000000 UTC,2020-06-30 13:07:54.000000 UTC,1,3,4
tmannen,,2016-03-30 00:13:12.000000 UTC,2016-03-30 00:13:12.000000 UTC,,1,1
uiocean,2022-06-04 01:53:45.000000 UTC,2022-08-17 17:06:42.000000 UTC,2022-06-04 01:53:45.000000 UTC,2,1,3
upjohnc,2012-07-27 12:34:31.000000 UTC,2012-08-01 18:57:32.000000 UTC,2012-07-27 12:34:31.000000 UTC,2,1,3
vidushi,,2010-10-27 02:46:36.000000 UTC,2010-10-27 02:46:36.000000 UTC,,5,5
wizz305,,2007-09-19 01:19:35.000000 UTC,2007-09-19 01:19:35.000000 UTC,,1,1
worried,2009-12-03 01:09:25.000000 UTC,2009-12-03 02:45:28.000000 UTC,2009-12-03 01:09:25.000000 UTC,1,1,2
zozimus,,2020-03-17 21:51:50.000000 UTC,2020-03-17 21:51:50.000000 UTC,,3,3
2curious,,2017-02-09 08:44:36.000000 UTC,2017-02-09 08:44:36.000000 UTC,,2,2
42642626,,2022-03-15 13:40:44.000000 UTC,2022-03-15 13:40:44.000000 UTC,,2,2
Centauri,2021-08-29 11:49:33.000000 UTC,2022-07-31 04:09:05.000000 UTC,2021-08-29 11:49:33.000000 UTC,2,1,3
Coreteka,2020-11-06 10:55:46.000000 UTC,2020-11-06 10:55:46.000000 UTC,2020-11-06 10:55:46.000000 UTC,2,2,4
Dunofrey,,2016-06-14 09:50:16.000000 UTC,2016-06-14 09:50:16.000000 UTC,,1,1
EdLanden,,2012-09-07 15:04:52.000000 UTC,2012-09-07 15:04:52.000000 UTC,,1,1
Edward16,,2016-12-14 13:41:57.000000 UTC,2016-12-14 13:41:57.000000 UTC,,5,5
FunLover,,2015-09-01 07:13:05.000000 UTC,2015-09-01 07:13:05.000000 UTC,,4,4
LordJohn,,2021-02-18 08:42:24.000000 UTC,2021-02-18 08:42:24.000000 UTC,,2,2
Malagasy,,2018-07-24 09:40:24.000000 UTC,2018-07-24 09:40:24.000000 UTC,,1,1
Sindisil,2010-05-03 18:04:30.000000 UTC,2009-05-03 15:51:15.000000 UTC,2009-05-03 15:51:15.000000 UTC,104,166,270
SteveEDO,2019-09-04 13:31:48.000000 UTC,2019-09-04 00:56:39.000000 UTC,2019-09-04 00:56:39.000000 UTC,1,1,2
Wingwing,,2018-04-04 12:12:37.000000 UTC,2018-04-04 12:12:37.000000 UTC,,9,9
accosine,2019-07-18 09:17:13.000000 UTC,2018-10-18 18:25:27.000000 UTC,2018-10-18 18:25:27.000000 UTC,1,12,13
akaalias,2009-04-13 17:33:32.000000 UTC,2009-01-05 22:44:44.000000 UTC,2009-01-05 22:44:44.000000 UTC,13,41,54
akoppela,2020-09-08 07:13:49.000000 UTC,2019-08-28 05:41:12.000000 UTC,2019-08-28 05:41:12.000000 UTC,1,6,7
aoeuasdf,,2021-10-08 20:47:11.000000 UTC,2021-10-08 20:47:11.000000 UTC,,2,2
babatong,,2015-05-25 13:22:55.000000 UTC,2015-05-25 13:22:55.000000 UTC,,13,13
baberuth,2011-02-28 18:49:33.000000 UTC,2011-02-28 18:59:32.000000 UTC,2011-02-28 18:49:33.000000 UTC,10,62,72
bjschnei,2011-05-25 06:13:22.000000 UTC,2009-12-03 16:36:40.000000 UTC,2009-12-03 16:36:40.000000 UTC,2,2,4
bonzojim,,2020-04-07 04:13:42.000000 UTC,2020-04-07 04:13:42.000000 UTC,,1,1
chai2010,2018-08-16 06:21:08.000000 UTC,2022-11-10 10:36:54.000000 UTC,2018-08-16 06:21:08.000000 UTC,2,3,5
chandsie,2013-01-03 14:01:11.000000 UTC,2013-07-18 18:11:00.000000 UTC,2013-01-03 14:01:11.000000 UTC,4,10,14
chocodev,2013-08-29 20:04:00.000000 UTC,2013-08-29 20:07:47.000000 UTC,2013-08-29 20:04:00.000000 UTC,1,1,2
cminatti,,2015-08-24 04:10:32.000000 UTC,2015-08-24 04:10:32.000000 UTC,,2,2
comatory,2014-07-31 02:07:51.000000 UTC,2014-07-31 03:30:08.000000 UTC,2014-07-31 02:07:51.000000 UTC,24,25,49
cougar63,2019-01-25 21:26:13.000000 UTC,2019-01-25 21:58:13.000000 UTC,2019-01-25 21:26:13.000000 UTC,2,1,3
devkarga,,2022-06-16 11:39:28.000000 UTC,2022-06-16 11:39:28.000000 UTC,,1,1
dobrescu,2014-09-18 15:36:31.000000 UTC,2014-09-20 09:33:26.000000 UTC,2014-09-18 15:36:31.000000 UTC,15,1,16
doogle88,,2011-06-26 19:04:43.000000 UTC,2011-06-26 19:04:43.000000 UTC,,10,10
enjikaka,2015-10-05 12:58:29.000000 UTC,2015-01-11 21:48:52.000000 UTC,2015-01-11 21:48:52.000000 UTC,2,22,24
erikbryn,,2012-08-29 18:00:41.000000 UTC,2012-08-29 18:00:41.000000 UTC,,2,2
frutiger,2015-03-21 20:29:50.000000 UTC,2014-12-02 14:14:03.000000 UTC,2014-12-02 14:14:03.000000 UTC,57,469,526
goradyne,,2017-01-09 23:06:17.000000 UTC,2017-01-09 23:06:17.000000 UTC,,1,1
grcevski,,2019-10-31 20:41:50.000000 UTC,2019-10-31 20:41:50.000000 UTC,,2,2
hamhamed,2015-01-17 23:39:05.000000 UTC,2015-01-20 23:46:53.000000 UTC,2015-01-17 23:39:05.000000 UTC,10,114,124
hdjcktnr,,2021-02-16 13:40:08.000000 UTC,2021-02-16 13:40:08.000000 UTC,,5,5
helloded,,2022-11-04 05:15:27.000000 UTC,2022-11-04 05:15:27.000000 UTC,,4,4
ilimilku,,2018-08-02 20:34:56.000000 UTC,2018-08-02 20:34:56.000000 UTC,,13,13
iollmann,,2014-12-17 20:07:02.000000 UTC,2014-12-17 20:07:02.000000 UTC,,1,1
ipswitch,2018-07-24 16:35:57.000000 UTC,2018-07-24 17:13:23.000000 UTC,2018-07-24 16:35:57.000000 UTC,1,4,5
jcfausto,2013-09-27 22:54:29.000000 UTC,2014-02-04 00:46:57.000000 UTC,2013-09-27 22:54:29.000000 UTC,11,6,17
jmcnulty,,2016-05-28 12:16:22.000000 UTC,2016-05-28 12:16:22.000000 UTC,,46,46
jmjg0949,,2014-02-04 22:26:22.000000 UTC,2014-02-04 22:26:22.000000 UTC,,1,1
jobeirne,2008-03-26 21:57:51.000000 UTC,2008-01-14 17:58:10.000000 UTC,2008-01-14 17:58:10.000000 UTC,58,236,294
jrmuizel,,2011-05-18 19:48:47.000000 UTC,2011-05-18 19:48:47.000000 UTC,,7,7
justinmc,2016-01-08 18:43:30.000000 UTC,2016-01-08 19:17:31.000000 UTC,2016-01-08 18:43:30.000000 UTC,2,5,7
litetime,2017-01-09 05:39:27.000000 UTC,2017-01-09 05:27:04.000000 UTC,2017-01-09 05:27:04.000000 UTC,1,5,6
logicwon,,2017-02-10 23:58:12.000000 UTC,2017-02-10 23:58:12.000000 UTC,,1,1
lolbert2,,2022-06-03 16:31:15.000000 UTC,2022-06-03 16:31:15.000000 UTC,,7,7
mandmach,2016-03-29 15:58:36.000000 UTC,2016-03-29 15:32:42.000000 UTC,2016-03-29 15:32:42.000000 UTC,2,2,4
medntech,,2018-06-22 21:13:42.000000 UTC,2018-06-22 21:13:42.000000 UTC,,37,37
mrrobot2,,2016-07-13 20:37:07.000000 UTC,2016-07-13 20:37:07.000000 UTC,,4,4
nlakhani,2011-02-26 23:23:50.000000 UTC,2010-12-02 17:07:38.000000 UTC,2010-12-02 17:07:38.000000 UTC,4,2,6
notarget,,2015-05-16 16:42:56.000000 UTC,2015-05-16 16:42:56.000000 UTC,,2,2
nytgop77,2020-09-29 21:09:48.000000 UTC,2020-05-07 13:41:36.000000 UTC,2020-05-07 13:41:36.000000 UTC,1,86,87
oreilles,2021-12-07 22:53:31.000000 UTC,2021-07-23 08:40:07.000000 UTC,2021-07-23 08:40:07.000000 UTC,1,57,58
ouzb64ty,2019-11-14 14:41:48.000000 UTC,2021-05-01 17:09:53.000000 UTC,2019-11-14 14:41:48.000000 UTC,16,6,22
parchley,,2022-08-16 12:02:58.000000 UTC,2022-08-16 12:02:58.000000 UTC,,1,1
parthokr,,2022-02-02 19:11:05.000000 UTC,2022-02-02 19:11:05.000000 UTC,,1,1
pegasos1,2016-03-25 21:03:26.000000 UTC,2015-11-29 01:24:08.000000 UTC,2015-11-29 01:24:08.000000 UTC,4,4,8
phenry20,2021-09-23 14:43:11.000000 UTC,2021-09-23 14:57:27.000000 UTC,2021-09-23 14:43:11.000000 UTC,3,1,4
pimpflac,,2016-12-13 19:08:00.000000 UTC,2016-12-13 19:08:00.000000 UTC,,1,1
printico,2015-07-17 19:45:06.000000 UTC,2015-07-17 19:45:59.000000 UTC,2015-07-17 19:45:06.000000 UTC,1,1,2
rcar1046,2018-07-24 15:29:44.000000 UTC,2015-12-09 16:59:45.000000 UTC,2015-12-09 16:59:45.000000 UTC,5,34,39
rcarback,,2019-10-22 18:14:34.000000 UTC,2019-10-22 18:14:34.000000 UTC,,10,10
rcsoleng,2022-11-14 18:04:55.000000 UTC,2022-05-27 01:04:14.000000 UTC,2022-05-27 01:04:14.000000 UTC,1,2,3
reversal,,2014-06-10 17:07:55.000000 UTC,2014-06-10 17:07:55.000000 UTC,,2,2
roboscan,2020-06-18 18:25:13.000000 UTC,2020-06-18 18:25:13.000000 UTC,2020-06-18 18:25:13.000000 UTC,1,1,2
rossnoel,2020-11-21 10:25:44.000000 UTC,2020-12-09 09:57:01.000000 UTC,2020-11-21 10:25:44.000000 UTC,14,2,16
rubilmax,2020-11-09 14:17:39.000000 UTC,2020-11-09 14:17:40.000000 UTC,2020-11-09 14:17:39.000000 UTC,1,1,2
s12chung,2013-07-25 13:17:09.000000 UTC,2013-07-25 00:34:38.000000 UTC,2013-07-25 00:34:38.000000 UTC,4,4,8
sheeba37,2014-12-16 05:30:07.000000 UTC,2014-12-08 16:25:00.000000 UTC,2014-12-08 16:25:00.000000 UTC,4,6,10
sidartha,,2022-05-09 06:57:30.000000 UTC,2022-05-09 06:57:30.000000 UTC,,1,1
slowjerk,,2021-10-22 09:03:34.000000 UTC,2021-10-22 09:03:34.000000 UTC,,2,2
social42,2015-04-20 18:03:05.000000 UTC,2015-04-20 19:47:38.000000 UTC,2015-04-20 18:03:05.000000 UTC,1,3,4
spati112,,2018-04-27 21:02:27.000000 UTC,2018-04-27 21:02:27.000000 UTC,,1,1
spsrich2,2019-08-09 19:00:07.000000 UTC,2019-05-13 19:57:24.000000 UTC,2019-05-13 19:57:24.000000 UTC,3,52,55
srinijdi,,2022-03-08 15:45:14.000000 UTC,2022-03-08 15:45:14.000000 UTC,,1,1
synchton,2022-01-09 20:02:20.000000 UTC,2021-11-12 10:32:16.000000 UTC,2021-11-12 10:32:16.000000 UTC,5,3,8
talisdev,,2015-08-03 19:29:37.000000 UTC,2015-08-03 19:29:37.000000 UTC,,1,1
talronen,,2015-06-17 14:00:34.000000 UTC,2015-06-17 14:00:34.000000 UTC,,1,1
tdullien,2014-04-13 20:57:47.000000 UTC,2014-04-16 06:40:26.000000 UTC,2014-04-13 20:57:47.000000 UTC,11,61,72
thecrash,,2017-11-27 17:15:58.000000 UTC,2017-11-27 17:15:58.000000 UTC,,53,53
udevnull,,2022-08-03 09:31:24.000000 UTC,2022-08-03 09:31:24.000000 UTC,,1,1
ukash-tr,2015-03-04 15:18:37.000000 UTC,2015-03-04 15:38:46.000000 UTC,2015-03-04 15:18:37.000000 UTC,1,1,2
xentropy,,2020-09-03 19:17:36.000000 UTC,2020-09-03 19:17:36.000000 UTC,,2,2
xq262144,,2019-03-01 04:52:28.000000 UTC,2019-03-01 04:52:28.000000 UTC,,1,1
yupppppp,,2019-05-06 11:43:14.000000 UTC,2019-05-06 11:43:14.000000 UTC,,1,1
zah1Shae,,2019-07-13 20:20:17.000000 UTC,2019-07-13 20:20:17.000000 UTC,,1,1
zanhecht,,2018-03-15 17:50:21.000000 UTC,2018-03-15 17:50:21.000000 UTC,,1,1
ziotom78,2015-11-26 05:19:46.000000 UTC,2014-11-10 10:06:12.000000 UTC,2014-11-10 10:06:12.000000 UTC,4,259,263
654wak654,2019-01-08 14:09:20.000000 UTC,2017-03-26 13:41:06.000000 UTC,2017-03-26 13:41:06.000000 UTC,2,10,12
Brogramma,,2016-12-12 14:49:11.000000 UTC,2016-12-12 14:49:11.000000 UTC,,1,1
DanielMac,,2020-03-03 15:06:11.000000 UTC,2020-03-03 15:06:11.000000 UTC,,1,1
DragonL80,,2021-11-19 07:25:34.000000 UTC,2021-11-19 07:25:34.000000 UTC,,6,6
JVRudnick,2009-12-08 18:01:26.000000 UTC,2009-12-14 20:59:44.000000 UTC,2009-12-08 18:01:26.000000 UTC,533,1,534
Lalabadie,,2012-09-18 15:54:20.000000 UTC,2012-09-18 15:54:20.000000 UTC,,14,14
Mike1232B,,2020-03-21 15:27:59.000000 UTC,2020-03-21 15:27:59.000000 UTC,,1,1
NoBorders,2012-01-31 19:29:19.000000 UTC,2012-02-17 08:06:45.000000 UTC,2012-01-31 19:29:19.000000 UTC,40,2,42
Shanakam4,2012-03-24 20:29:32.000000 UTC,2012-03-28 18:50:12.000000 UTC,2012-03-24 20:29:32.000000 UTC,2,2,4
ZhongTr0n,2022-09-04 15:18:51.000000 UTC,2022-09-04 15:18:52.000000 UTC,2022-09-04 15:18:51.000000 UTC,1,1,2
a123b456c,2022-07-03 00:22:44.000000 UTC,2019-05-29 19:12:39.000000 UTC,2019-05-29 19:12:39.000000 UTC,1,35,36
abinaya_b,,2020-01-20 18:47:34.000000 UTC,2020-01-20 18:47:34.000000 UTC,,5,5
alainwong,,2011-07-13 02:45:58.000000 UTC,2011-07-13 02:45:58.000000 UTC,,1,1
anastacia,,2013-09-01 11:37:33.000000 UTC,2013-09-01 11:37:33.000000 UTC,,1,1
angeNoble,2015-04-08 12:24:24.000000 UTC,2013-09-10 14:07:11.000000 UTC,2013-09-10 14:07:11.000000 UTC,1,10,11
antibotty,2022-10-01 13:26:35.000000 UTC,2022-10-01 13:26:35.000000 UTC,2022-10-01 13:26:35.000000 UTC,1,1,2
atularora,2010-10-24 18:32:59.000000 UTC,2010-11-10 00:47:04.000000 UTC,2010-10-24 18:32:59.000000 UTC,416,9,425
avatar042,,2021-09-15 15:36:59.000000 UTC,2021-09-15 15:36:59.000000 UTC,,3,3
bananapub,,2021-01-17 22:02:23.000000 UTC,2021-01-17 22:02:23.000000 UTC,,98,98
bear11941,,2019-12-08 04:27:09.000000 UTC,2019-12-08 04:27:09.000000 UTC,,1,1
bloopy123,,2021-04-25 11:53:55.000000 UTC,2021-04-25 11:53:55.000000 UTC,,1,1
chanrises,,2011-01-11 00:50:14.000000 UTC,2011-01-11 00:50:14.000000 UTC,,1,1
charindex,,2009-05-02 17:40:01.000000 UTC,2009-05-02 17:40:01.000000 UTC,,1,1
crapflare,,2018-06-06 22:03:56.000000 UTC,2018-06-06 22:03:56.000000 UTC,,5,5
crazy_ant,,2016-08-27 06:51:46.000000 UTC,2016-08-27 06:51:46.000000 UTC,,9,9
critic101,,2012-09-06 00:28:59.000000 UTC,2012-09-06 00:28:59.000000 UTC,,1,1
dboerlage,,2020-08-03 22:50:20.000000 UTC,2020-08-03 22:50:20.000000 UTC,,3,3
defun-fun,2010-07-13 22:01:28.000000 UTC,2010-07-14 05:13:27.000000 UTC,2010-07-13 22:01:28.000000 UTC,1,1,2
devopsguy,2021-09-06 13:59:13.000000 UTC,2020-11-20 11:35:25.000000 UTC,2020-11-20 11:35:25.000000 UTC,3,2,5
djangelic,,2021-10-08 22:22:15.000000 UTC,2021-10-08 22:22:15.000000 UTC,,15,15
dusklight,2008-05-04 00:19:53.000000 UTC,2008-01-19 18:40:28.000000 UTC,2008-01-19 18:40:28.000000 UTC,4,284,288
ederector,,2015-06-03 13:38:55.000000 UTC,2015-06-03 13:38:55.000000 UTC,,1,1
elrobinto,,2017-10-14 15:16:55.000000 UTC,2017-10-14 15:16:55.000000 UTC,,7,7
eriklinde,2012-05-24 10:03:34.000000 UTC,2012-05-26 12:18:27.000000 UTC,2012-05-24 10:03:34.000000 UTC,1,1,2
eroltoker,,2014-09-19 19:41:23.000000 UTC,2014-09-19 19:41:23.000000 UTC,,1,1
george152,,2021-07-05 12:40:19.000000 UTC,2021-07-05 12:40:19.000000 UTC,,1,1
hahahsnap,,2017-08-03 03:58:09.000000 UTC,2017-08-03 03:58:09.000000 UTC,,6,6
hajhatten,2018-04-11 13:12:06.000000 UTC,2018-05-03 13:05:17.000000 UTC,2018-04-11 13:12:06.000000 UTC,6,93,99
harinijan,2016-06-17 09:22:52.000000 UTC,2016-06-17 09:24:01.000000 UTC,2016-06-17 09:22:52.000000 UTC,2,24,26
intel4004,2010-10-30 19:03:01.000000 UTC,2010-07-31 22:39:44.000000 UTC,2010-07-31 22:39:44.000000 UTC,1,2,3
irate2942,,2022-09-09 13:36:54.000000 UTC,2022-09-09 13:36:54.000000 UTC,,2,2
jabrotapu,2018-07-25 13:24:36.000000 UTC,2022-02-01 19:14:10.000000 UTC,2018-07-25 13:24:36.000000 UTC,1,11,12
jacoblb64,,2021-11-15 16:31:36.000000 UTC,2021-11-15 16:31:36.000000 UTC,,1,1
james2110,,2011-06-20 09:53:18.000000 UTC,2011-06-20 09:53:18.000000 UTC,,1,1
jasonwong,2009-11-05 19:40:39.000000 UTC,2009-11-05 20:27:35.000000 UTC,2009-11-05 19:40:39.000000 UTC,4,8,12
jenbutson,2014-09-17 21:09:51.000000 UTC,2012-11-14 14:15:21.000000 UTC,2012-11-14 14:15:21.000000 UTC,1,1,2
jesskerca,,2013-10-02 13:32:55.000000 UTC,2013-10-02 13:32:55.000000 UTC,,3,3
jimmyjazz,,2011-04-30 11:39:16.000000 UTC,2011-04-30 11:39:16.000000 UTC,,1,1
joel2001k,,2021-03-09 02:30:39.000000 UTC,2021-03-09 02:30:39.000000 UTC,,1,1
johnriver,,2022-11-15 01:54:34.000000 UTC,2022-11-15 01:54:34.000000 UTC,,1,1
kaggle-sf,,2014-02-14 18:42:43.000000 UTC,2014-02-14 18:42:43.000000 UTC,,1,1
keerthijk,,2020-11-20 11:13:11.000000 UTC,2020-11-20 11:13:11.000000 UTC,,1,1
kirbman89,2011-01-28 15:22:47.000000 UTC,2011-01-27 23:19:41.000000 UTC,2011-01-27 23:19:41.000000 UTC,5,31,36
kpjackson,2014-04-08 17:09:32.000000 UTC,2014-04-15 21:02:37.000000 UTC,2014-04-08 17:09:32.000000 UTC,21,1,22
lockkey21,,2020-12-16 16:20:20.000000 UTC,2020-12-16 16:20:20.000000 UTC,,1,1
luukschip,,2016-09-14 08:09:52.000000 UTC,2016-09-14 08:09:52.000000 UTC,,1,1
maartendb,2015-09-10 09:05:43.000000 UTC,2015-09-10 08:20:41.000000 UTC,2015-09-10 08:20:41.000000 UTC,2,5,7
majikandy,2015-07-08 21:50:31.000000 UTC,2015-07-08 22:04:37.000000 UTC,2015-07-08 21:50:31.000000 UTC,4,89,93
mara_msrb,,2021-05-03 21:58:44.000000 UTC,2021-05-03 21:58:44.000000 UTC,,1,1
mckilljoy,2010-01-22 21:17:15.000000 UTC,2009-10-29 08:23:42.000000 UTC,2009-10-29 08:23:42.000000 UTC,19,68,87
meltonian,,2018-08-27 21:07:59.000000 UTC,2018-08-27 21:07:59.000000 UTC,,3,3
mhebtehaj,,2017-05-18 11:16:39.000000 UTC,2017-05-18 11:16:39.000000 UTC,,1,1
micoolcho,2015-09-28 15:40:33.000000 UTC,2015-07-23 17:31:37.000000 UTC,2015-07-23 17:31:37.000000 UTC,1,1,2
minkowsky,2022-01-29 04:58:40.000000 UTC,2013-10-24 12:51:19.000000 UTC,2013-10-24 12:51:19.000000 UTC,2,3,5
mvnobrega,2022-03-08 04:39:08.000000 UTC,2022-03-08 04:39:09.000000 UTC,2022-03-08 04:39:08.000000 UTC,2,2,4
nicaragua,,2021-05-20 01:54:33.000000 UTC,2021-05-20 01:54:33.000000 UTC,,21,21
onenuthin,,2019-05-14 23:09:21.000000 UTC,2019-05-14 23:09:21.000000 UTC,,3,3
osintdude,2021-01-31 20:44:55.000000 UTC,2021-01-31 20:31:42.000000 UTC,2021-01-31 20:31:42.000000 UTC,1,1,2
peterhost,,2012-01-16 08:44:28.000000 UTC,2012-01-16 08:44:28.000000 UTC,,29,29
qwertyboy,,2011-05-31 21:50:54.000000 UTC,2011-05-31 21:50:54.000000 UTC,,43,43
rhianna86,,2017-08-04 00:22:52.000000 UTC,2017-08-04 00:22:52.000000 UTC,,1,1
rigmarole,,2020-11-29 20:45:45.000000 UTC,2020-11-29 20:45:45.000000 UTC,,9,9
rreichman,2017-05-10 13:56:34.000000 UTC,2017-05-10 13:57:52.000000 UTC,2017-05-10 13:56:34.000000 UTC,21,31,52
salessawi,2017-02-08 21:31:38.000000 UTC,2016-10-29 03:29:24.000000 UTC,2016-10-29 03:29:24.000000 UTC,1,2,3
salyangoz,,2016-08-11 23:49:05.000000 UTC,2016-08-11 23:49:05.000000 UTC,,1,1
sarvasana,,2021-01-07 15:57:56.000000 UTC,2021-01-07 15:57:56.000000 UTC,,6,6
spencer48,2014-10-29 16:49:47.000000 UTC,2014-10-29 16:50:20.000000 UTC,2014-10-29 16:49:47.000000 UTC,1,5,6
tarheel84,,2016-12-02 13:18:52.000000 UTC,2016-12-02 13:18:52.000000 UTC,,1,1
techiediy,2010-08-25 04:00:55.000000 UTC,2010-09-01 05:48:01.000000 UTC,2010-08-25 04:00:55.000000 UTC,184,6,190
titfortat,,2022-10-06 20:34:01.000000 UTC,2022-10-06 20:34:01.000000 UTC,,1,1
trabant00,2019-08-20 14:26:19.000000 UTC,2016-10-18 13:13:33.000000 UTC,2016-10-18 13:13:33.000000 UTC,4,529,533
traeblain,2013-07-02 14:07:28.000000 UTC,2012-11-16 16:11:08.000000 UTC,2012-11-16 16:11:08.000000 UTC,1,38,39
vertAlign,,2014-12-11 18:44:02.000000 UTC,2014-12-11 18:44:02.000000 UTC,,3,3
wafflerai,,2022-09-19 17:36:32.000000 UTC,2022-09-19 17:36:32.000000 UTC,,1,1
xormancer,,2013-10-22 22:38:56.000000 UTC,2013-10-22 22:38:56.000000 UTC,,1,1
ychumakov,,2019-03-13 16:52:48.000000 UTC,2019-03-13 16:52:48.000000 UTC,,1,1
yelhsahan,2020-04-01 02:23:41.000000 UTC,2020-02-08 05:27:40.000000 UTC,2020-02-08 05:27:40.000000 UTC,1,1,2
zuminator,,2015-11-13 23:43:58.000000 UTC,2015-11-13 23:43:58.000000 UTC,,463,463
zyrkonsan,,2009-05-12 14:08:20.000000 UTC,2009-05-12 14:08:20.000000 UTC,,1,1
CBInsights,2019-07-01 19:25:30.000000 UTC,2019-10-01 20:06:13.000000 UTC,2019-07-01 19:25:30.000000 UTC,6,2,8
IntelMiner,,2016-07-17 17:00:52.000000 UTC,2016-07-17 17:00:52.000000 UTC,,588,588
IronyMan42,,2020-08-14 09:29:36.000000 UTC,2020-08-14 09:29:36.000000 UTC,,2,2
Kalleklovn,,2021-06-21 13:49:42.000000 UTC,2021-06-21 13:49:42.000000 UTC,,3,3
NANDXORNOR,,2014-11-13 02:07:50.000000 UTC,2014-11-13 02:07:50.000000 UTC,,6,6
SickOfVCBS,,2014-10-02 16:29:22.000000 UTC,2014-10-02 16:29:22.000000 UTC,,1,1
abhisheksp,,2019-01-26 03:11:16.000000 UTC,2019-01-26 03:11:16.000000 UTC,,4,4
alekseynyc,,2013-12-19 22:44:18.000000 UTC,2013-12-19 22:44:18.000000 UTC,,4,4
alex_young,2017-11-04 19:17:15.000000 UTC,2013-03-29 14:27:03.000000 UTC,2013-03-29 14:27:03.000000 UTC,216,813,1029
alwaysknow,,2019-06-20 22:28:17.000000 UTC,2019-06-20 22:28:17.000000 UTC,,2,2
azizinnnjo,,2018-12-29 15:09:54.000000 UTC,2018-12-29 15:09:54.000000 UTC,,2,2
bleu_chimp,2018-07-16 09:17:39.000000 UTC,2018-07-16 18:28:54.000000 UTC,2018-07-16 09:17:39.000000 UTC,1,1,2
bradchoate,,2013-03-14 17:25:59.000000 UTC,2013-03-14 17:25:59.000000 UTC,,10,10
bsean95531,,2021-04-12 21:43:07.000000 UTC,2021-04-12 21:43:07.000000 UTC,,2,2
cadecairos,2016-09-16 03:22:08.000000 UTC,2013-09-25 11:00:08.000000 UTC,2013-09-25 11:00:08.000000 UTC,6,20,26
carlosinho,,2014-06-21 10:53:36.000000 UTC,2014-06-21 10:53:36.000000 UTC,,2,2
chowwesley,,2013-10-13 10:19:48.000000 UTC,2013-10-13 10:19:48.000000 UTC,,3,3
codeangler,,2022-06-26 17:31:18.000000 UTC,2022-06-26 17:31:18.000000 UTC,,1,1
corentin88,2020-01-17 17:53:20.000000 UTC,2019-11-12 08:15:47.000000 UTC,2019-11-12 08:15:47.000000 UTC,89,124,213
crappydeli,,2007-04-18 13:48:25.000000 UTC,2007-04-18 13:48:25.000000 UTC,,1,1
danroseman,2018-05-08 18:35:58.000000 UTC,2018-05-08 18:36:19.000000 UTC,2018-05-08 18:35:58.000000 UTC,1,2,3
dgaisan007,,2016-06-03 17:55:10.000000 UTC,2016-06-03 17:55:10.000000 UTC,,1,1
dhiggdyjkb,,2022-08-28 23:00:44.000000 UTC,2022-08-28 23:00:44.000000 UTC,,4,4
dkvasnicka,,2015-06-08 14:06:56.000000 UTC,2015-06-08 14:06:56.000000 UTC,,4,4
dobermanok,2016-05-06 13:45:26.000000 UTC,2016-08-11 12:52:01.000000 UTC,2016-05-06 13:45:26.000000 UTC,42,1,43
element121,2015-11-20 11:38:11.000000 UTC,2015-12-04 17:48:13.000000 UTC,2015-11-20 11:38:11.000000 UTC,2,3,5
euthrow439,,2020-11-08 20:34:50.000000 UTC,2020-11-08 20:34:50.000000 UTC,,5,5
from_endor,2019-09-09 15:27:55.000000 UTC,2019-04-19 16:02:13.000000 UTC,2019-04-19 16:02:13.000000 UTC,3,6,9
gatronicus,,2021-09-19 16:06:25.000000 UTC,2021-09-19 16:06:25.000000 UTC,,16,16
gelstudios,2013-05-18 03:40:33.000000 UTC,2013-01-14 13:17:30.000000 UTC,2013-01-14 13:17:30.000000 UTC,22,31,53
githubtest,,2020-06-19 08:47:06.000000 UTC,2020-06-19 08:47:06.000000 UTC,,1,1
grindelwal,,2014-12-24 14:11:38.000000 UTC,2014-12-24 14:11:38.000000 UTC,,1,1
hima_hydra,2020-06-16 20:07:36.000000 UTC,2020-06-16 20:15:24.000000 UTC,2020-06-16 20:07:36.000000 UTC,1,2,3
htrwaway73,,2022-09-14 12:56:36.000000 UTC,2022-09-14 12:56:36.000000 UTC,,1,1
iDoMagento,,2022-08-26 16:42:18.000000 UTC,2022-08-26 16:42:18.000000 UTC,,1,1
jennyfriek,2017-08-27 15:24:44.000000 UTC,2017-08-27 15:52:42.000000 UTC,2017-08-27 15:24:44.000000 UTC,2,1,3
jonbennett,,2011-02-15 23:41:24.000000 UTC,2011-02-15 23:41:24.000000 UTC,,1,1
kristapaul,,2008-08-22 04:55:15.000000 UTC,2008-08-22 04:55:15.000000 UTC,,3,3
kuhidarwin,2016-11-28 04:45:47.000000 UTC,2016-11-09 01:48:56.000000 UTC,2016-11-09 01:48:56.000000 UTC,7,4,11
mehdibs123,,2022-04-08 18:40:27.000000 UTC,2022-04-08 18:40:27.000000 UTC,,1,1
mgradowski,,2019-03-09 21:32:33.000000 UTC,2019-03-09 21:32:33.000000 UTC,,30,30
mikesaloxi,,2015-05-12 12:28:30.000000 UTC,2015-05-12 12:28:30.000000 UTC,,1,1
milofelipe,2010-04-29 11:13:12.000000 UTC,2010-03-15 10:29:50.000000 UTC,2010-03-15 10:29:50.000000 UTC,7,22,29
mjrbrennan,2015-01-13 03:57:38.000000 UTC,2015-01-13 06:45:23.000000 UTC,2015-01-13 03:57:38.000000 UTC,6,114,120
pbjorklund,2010-07-10 23:01:38.000000 UTC,2010-07-16 01:19:11.000000 UTC,2010-07-10 23:01:38.000000 UTC,16,34,50
pootpucker,,2019-12-10 16:54:28.000000 UTC,2019-12-10 16:54:28.000000 UTC,,11,11
postmaster,,2016-08-29 04:06:38.000000 UTC,2016-08-29 04:06:38.000000 UTC,,3,3
psmithsfhn,2020-07-01 15:18:55.000000 UTC,2020-05-04 23:34:28.000000 UTC,2020-05-04 23:34:28.000000 UTC,3,45,48
question11,2020-04-18 10:30:34.000000 UTC,2020-04-18 10:41:15.000000 UTC,2020-04-18 10:30:34.000000 UTC,5,19,24
r33fer-hax,,2018-06-06 17:04:28.000000 UTC,2018-06-06 17:04:28.000000 UTC,,1,1
rajanand02,,2014-09-08 07:12:54.000000 UTC,2014-09-08 07:12:54.000000 UTC,,3,3
rschloming,2016-01-21 18:30:34.000000 UTC,2015-07-31 21:19:25.000000 UTC,2015-07-31 21:19:25.000000 UTC,1,10,11
ryanhalper,,2013-07-01 23:41:18.000000 UTC,2013-07-01 23:41:18.000000 UTC,,1,1
sfimooncbd,2021-01-02 06:44:45.000000 UTC,2021-01-02 06:44:45.000000 UTC,2021-01-02 06:44:45.000000 UTC,1,1,2
streamer45,2016-09-06 12:03:24.000000 UTC,2016-09-06 14:57:05.000000 UTC,2016-09-06 12:03:24.000000 UTC,6,14,20
subhashchy,2019-10-05 09:52:50.000000 UTC,2020-02-12 11:52:12.000000 UTC,2019-10-05 09:52:50.000000 UTC,5,5,10
swintegral,,2020-06-01 22:30:30.000000 UTC,2020-06-01 22:30:30.000000 UTC,,1,1
tasty-anus,,2019-05-23 02:08:20.000000 UTC,2019-05-23 02:08:20.000000 UTC,,1,1
techwizz69,2021-03-29 20:46:56.000000 UTC,2021-03-17 17:45:48.000000 UTC,2021-03-17 17:45:48.000000 UTC,1,3,4
tiggermanh,,2012-08-07 19:06:26.000000 UTC,2012-08-07 19:06:26.000000 UTC,,1,1
timmoreton,,2019-07-22 17:08:54.000000 UTC,2019-07-22 17:08:54.000000 UTC,,1,1
tommaxwell,2012-12-11 09:42:45.000000 UTC,2012-11-28 12:31:53.000000 UTC,2012-11-28 12:31:53.000000 UTC,80,95,175
trumpthrow,,2021-01-09 00:39:34.000000 UTC,2021-01-09 00:39:34.000000 UTC,,5,5
vmonegatto,,2020-11-03 22:21:31.000000 UTC,2020-11-03 22:21:31.000000 UTC,,1,1
wpcreative,2022-04-29 07:07:26.000000 UTC,2022-04-29 07:07:27.000000 UTC,2022-04-29 07:07:26.000000 UTC,1,1,2
yaalimadad,2017-06-15 08:12:42.000000 UTC,2017-06-15 08:13:16.000000 UTC,2017-06-15 08:12:42.000000 UTC,1,1,2
zagnut8088,,2015-03-28 05:13:44.000000 UTC,2015-03-28 05:13:44.000000 UTC,,1,1
0xb0565e486,,2021-01-27 00:46:54.000000 UTC,2021-01-27 00:46:54.000000 UTC,,19,19
3yanlis1bos,,2022-11-06 07:23:41.000000 UTC,2022-11-06 07:23:41.000000 UTC,,1,1
FELICIA-JOY,,2013-08-09 13:43:04.000000 UTC,2013-08-09 13:43:04.000000 UTC,,4,4
FeelTheBern,,2016-01-18 14:37:17.000000 UTC,2016-01-18 14:37:17.000000 UTC,,1,1
HowardMills,,2009-12-11 21:08:02.000000 UTC,2009-12-11 21:08:02.000000 UTC,,1,1
Lucy-Lander,,2016-07-27 17:39:02.000000 UTC,2016-07-27 17:39:02.000000 UTC,,1,1
Nevaeh88888,,2012-04-23 17:48:56.000000 UTC,2012-04-23 17:48:56.000000 UTC,,2,2
SambalOelek,,2020-07-01 14:47:14.000000 UTC,2020-07-01 14:47:14.000000 UTC,,11,11
TheXenocide,,2009-07-07 19:04:28.000000 UTC,2009-07-07 19:04:28.000000 UTC,,7,7
Tinaquobyte,2019-11-01 18:30:35.000000 UTC,2019-11-02 17:34:13.000000 UTC,2019-11-01 18:30:35.000000 UTC,3,2,5
YesProcrast,2016-05-03 15:02:17.000000 UTC,2014-05-10 00:51:58.000000 UTC,2014-05-10 00:51:58.000000 UTC,4,10,14
aheironimus,2019-06-04 18:32:10.000000 UTC,2019-06-06 16:33:31.000000 UTC,2019-06-04 18:32:10.000000 UTC,1,1,2
anonDNMuser,,2014-11-06 17:31:22.000000 UTC,2014-11-06 17:31:22.000000 UTC,,2,2
anonhuawang,,2022-09-21 02:32:29.000000 UTC,2022-09-21 02:32:29.000000 UTC,,3,3
apple314159,2017-12-20 22:46:38.000000 UTC,2014-01-19 12:57:57.000000 UTC,2014-01-19 12:57:57.000000 UTC,1,17,18
bananaeater,,2019-04-29 20:18:54.000000 UTC,2019-04-29 20:18:54.000000 UTC,,14,14
bitexploder,2011-03-18 15:32:14.000000 UTC,2010-12-23 17:13:15.000000 UTC,2010-12-23 17:13:15.000000 UTC,2,1645,1647
bleamishboy,,2016-11-11 07:49:59.000000 UTC,2016-11-11 07:49:59.000000 UTC,,3,3
cantbetaken,,2021-09-30 11:44:35.000000 UTC,2021-09-30 11:44:35.000000 UTC,,1,1
data_travel,,2019-11-08 13:28:28.000000 UTC,2019-11-08 13:28:28.000000 UTC,,1,1
deepdmistry,2021-06-03 13:23:12.000000 UTC,2020-07-15 00:32:17.000000 UTC,2020-07-15 00:32:17.000000 UTC,1,34,35
discodancer,2010-01-24 23:45:16.000000 UTC,2010-01-15 11:42:07.000000 UTC,2010-01-15 11:42:07.000000 UTC,2,2,4
dodgycrooks,,2017-08-02 17:30:59.000000 UTC,2017-08-02 17:30:59.000000 UTC,,1,1
fakhrazeyev,2012-01-28 18:44:10.000000 UTC,2012-05-29 15:16:31.000000 UTC,2012-01-28 18:44:10.000000 UTC,13,8,21
formerdroid,,2020-02-11 13:24:41.000000 UTC,2020-02-11 13:24:41.000000 UTC,,1,1
google-serf,,2014-02-10 08:47:29.000000 UTC,2014-02-10 08:47:29.000000 UTC,,10,10
govindjajoo,,2022-05-03 09:20:24.000000 UTC,2022-05-03 09:20:24.000000 UTC,,3,3
henrymosley,2022-04-11 07:19:49.000000 UTC,2022-04-11 07:11:37.000000 UTC,2022-04-11 07:11:37.000000 UTC,1,1,2
hthrowaway3,,2022-05-07 04:40:05.000000 UTC,2022-05-07 04:40:05.000000 UTC,,2,2
hunterwg_24,,2019-10-16 23:07:49.000000 UTC,2019-10-16 23:07:49.000000 UTC,,1,1
jatinahuja2,2011-06-08 05:56:11.000000 UTC,2011-07-08 15:46:16.000000 UTC,2011-06-08 05:56:11.000000 UTC,16,2,18
jkesselring,,2019-03-04 14:26:28.000000 UTC,2019-03-04 14:26:28.000000 UTC,,1,1
jodistanton,2021-12-29 20:43:58.000000 UTC,2021-12-29 20:44:16.000000 UTC,2021-12-29 20:43:58.000000 UTC,1,1,2
joecorcoran,2013-06-03 19:21:06.000000 UTC,2011-07-27 12:31:06.000000 UTC,2011-07-27 12:31:06.000000 UTC,3,11,14
johnny_1010,,2017-04-05 18:19:22.000000 UTC,2017-04-05 18:19:22.000000 UTC,,9,9
jpdevereaux,2012-12-17 10:25:07.000000 UTC,2012-12-17 10:30:44.000000 UTC,2012-12-17 10:25:07.000000 UTC,1,45,46
juandiaz123,,2021-05-21 20:51:37.000000 UTC,2021-05-21 20:51:37.000000 UTC,,1,1
mangofoobar,,2017-06-06 02:20:13.000000 UTC,2017-06-06 02:20:13.000000 UTC,,18,18
marcusdurst,,2018-04-12 19:34:55.000000 UTC,2018-04-12 19:34:55.000000 UTC,,1,1
meiparsable,,2016-11-07 17:12:22.000000 UTC,2016-11-07 17:12:22.000000 UTC,,5,5
mikaelhardo,,2017-06-26 08:50:46.000000 UTC,2017-06-26 08:50:46.000000 UTC,,1,1
modelthrows,,2020-06-27 13:04:40.000000 UTC,2020-06-27 13:04:40.000000 UTC,,1,1
nishantrana,,2015-03-26 12:00:34.000000 UTC,2015-03-26 12:00:34.000000 UTC,,2,2
norma_clyde,2018-07-05 20:52:15.000000 UTC,2018-07-05 20:52:33.000000 UTC,2018-07-05 20:52:15.000000 UTC,1,1,2
parkerposey,,2010-05-20 05:47:30.000000 UTC,2010-05-20 05:47:30.000000 UTC,,1,1
plattegrond,2018-07-02 18:15:05.000000 UTC,2018-06-28 06:54:20.000000 UTC,2018-06-28 06:54:20.000000 UTC,1,9,10
punkster101,,2013-04-04 15:05:41.000000 UTC,2013-04-04 15:05:41.000000 UTC,,1,1
samselikoff,,2014-11-06 15:37:08.000000 UTC,2014-11-06 15:37:08.000000 UTC,,12,12
scottalpert,2013-11-12 20:32:11.000000 UTC,2013-03-07 14:09:50.000000 UTC,2013-03-07 14:09:50.000000 UTC,3,19,22
simmons5552,,2017-02-01 00:49:47.000000 UTC,2017-02-01 00:49:47.000000 UTC,,1,1
spacex_jobs,,2019-01-02 17:45:30.000000 UTC,2019-01-02 17:45:30.000000 UTC,,1,1
startupdaze,2007-03-31 01:15:42.000000 UTC,2007-04-04 07:06:48.000000 UTC,2007-03-31 01:15:42.000000 UTC,9,3,12
sunnymanokl,,2019-02-14 07:03:12.000000 UTC,2019-02-14 07:03:12.000000 UTC,,2,2
talibqayyum,2019-06-26 21:15:02.000000 UTC,2019-07-01 16:54:24.000000 UTC,2019-06-26 21:15:02.000000 UTC,2,1,3
techlawtech,,2016-02-22 20:44:57.000000 UTC,2016-02-22 20:44:57.000000 UTC,,1,1
terminal625,2020-03-23 03:37:16.000000 UTC,2020-01-30 17:11:29.000000 UTC,2020-01-30 17:11:29.000000 UTC,1,1,2
thedumpster,,2011-12-11 16:15:59.000000 UTC,2011-12-11 16:15:59.000000 UTC,,1,1
thestruggl3,,2022-01-13 23:56:49.000000 UTC,2022-01-13 23:56:49.000000 UTC,,1,1
throw_aw_ay,,2017-08-20 06:15:34.000000 UTC,2017-08-20 06:15:34.000000 UTC,,2,2
thrwaycolor,,2019-05-29 17:42:04.000000 UTC,2019-05-29 17:42:04.000000 UTC,,1,1
veritas3241,2015-12-09 18:38:34.000000 UTC,2015-02-02 22:09:08.000000 UTC,2015-02-02 22:09:08.000000 UTC,3,126,129
vgrigorescu,,2019-11-20 13:07:30.000000 UTC,2019-11-20 13:07:30.000000 UTC,,2,2
volkforlive,,2010-10-17 12:45:08.000000 UTC,2010-10-17 12:45:08.000000 UTC,,1,1
willwhitney,2011-10-28 02:17:39.000000 UTC,2011-10-28 02:23:41.000000 UTC,2011-10-28 02:17:39.000000 UTC,20,60,80
wjlkjkjlwef,,2022-03-02 04:21:15.000000 UTC,2022-03-02 04:21:15.000000 UTC,,2,2
wobblytable,,2021-08-19 10:34:00.000000 UTC,2021-08-19 10:34:00.000000 UTC,,1,1
zer0rootkid,,2021-10-29 11:42:31.000000 UTC,2021-10-29 11:42:31.000000 UTC,,2,2
319e82aff522,2019-12-30 04:57:16.000000 UTC,2019-12-30 20:52:16.000000 UTC,2019-12-30 04:57:16.000000 UTC,2,3,5
LaughingGoat,,2017-06-08 04:25:32.000000 UTC,2017-06-08 04:25:32.000000 UTC,,2,2
MelissPiazza,2022-09-19 07:21:57.000000 UTC,2022-09-19 07:21:57.000000 UTC,2022-09-19 07:21:57.000000 UTC,1,1,2
ProfBernardo,,2018-07-27 20:16:24.000000 UTC,2018-07-27 20:16:24.000000 UTC,,12,12
Seagrizzlers,,2018-10-17 01:40:09.000000 UTC,2018-10-17 01:40:09.000000 UTC,,1,1
Zainleathers,,2021-01-25 05:45:33.000000 UTC,2021-01-25 05:45:33.000000 UTC,,3,3
akshay_kolte,2021-01-03 17:21:46.000000 UTC,2021-01-03 17:21:46.000000 UTC,2021-01-03 17:21:46.000000 UTC,1,2,3
aman_abhishk,,2013-10-26 08:49:15.000000 UTC,2013-10-26 08:49:15.000000 UTC,,5,5
an_mp_speaks,2020-11-23 22:43:43.000000 UTC,2021-04-12 16:34:51.000000 UTC,2020-11-23 22:43:43.000000 UTC,3,7,10
andregumieri,2018-11-14 13:31:11.000000 UTC,2019-01-07 13:41:18.000000 UTC,2018-11-14 13:31:11.000000 UTC,1,3,4
arjunbazinga,2018-06-09 19:13:01.000000 UTC,2020-04-22 17:43:30.000000 UTC,2018-06-09 19:13:01.000000 UTC,3,1,4
balpreetbrar,2015-08-23 00:02:34.000000 UTC,2015-09-04 18:49:44.000000 UTC,2015-08-23 00:02:34.000000 UTC,11,1,12
bel_marinaio,,2016-04-26 10:27:14.000000 UTC,2016-04-26 10:27:14.000000 UTC,,28,28
briandeweese,,2011-02-28 20:45:02.000000 UTC,2011-02-28 20:45:02.000000 UTC,,1,1
cardinalfang,,2014-03-07 16:05:59.000000 UTC,2014-03-07 16:05:59.000000 UTC,,52,52
creatinePump,2015-03-02 14:56:01.000000 UTC,2015-03-02 16:39:45.000000 UTC,2015-03-02 14:56:01.000000 UTC,1,1,2
electricblue,,2015-04-30 19:44:40.000000 UTC,2015-04-30 19:44:40.000000 UTC,,58,58
eouiededuedu,,2021-09-24 16:22:11.000000 UTC,2021-09-24 16:22:11.000000 UTC,,1,1
ergljkjlkerg,,2022-03-14 21:46:38.000000 UTC,2022-03-14 21:46:38.000000 UTC,,5,5
fdschoeneman,2009-01-25 01:52:15.000000 UTC,2008-04-16 18:07:05.000000 UTC,2008-04-16 18:07:05.000000 UTC,7,131,138
fersaysrelax,,2015-03-31 20:15:07.000000 UTC,2015-03-31 20:15:07.000000 UTC,,1,1
grahamperich,2019-03-28 16:45:23.000000 UTC,2017-07-06 23:39:15.000000 UTC,2017-07-06 23:39:15.000000 UTC,2,20,22
grantjpowell,2020-05-15 21:12:32.000000 UTC,2020-08-04 20:44:13.000000 UTC,2020-05-15 21:12:32.000000 UTC,5,31,36
gtrhtrhtrhtr,,2020-11-18 22:06:12.000000 UTC,2020-11-18 22:06:12.000000 UTC,,31,31
howardscottj,,2012-10-09 19:32:39.000000 UTC,2012-10-09 19:32:39.000000 UTC,,1,1
ilovejosysss,,2022-04-05 03:07:01.000000 UTC,2022-04-05 03:07:01.000000 UTC,,1,1
indeedwhynot,,2016-07-09 02:25:29.000000 UTC,2016-07-09 02:25:29.000000 UTC,,3,3
joaodarussia,2022-08-15 04:34:07.000000 UTC,2022-08-15 15:29:01.000000 UTC,2022-08-15 04:34:07.000000 UTC,1,2,3
kingofqueens,,2011-07-05 18:38:14.000000 UTC,2011-07-05 18:38:14.000000 UTC,,1,1
kubenaught11,,2018-11-06 19:06:10.000000 UTC,2018-11-06 19:06:10.000000 UTC,,1,1
linuxconvert,2009-08-17 17:27:16.000000 UTC,2009-08-17 18:05:58.000000 UTC,2009-08-17 17:27:16.000000 UTC,1,9,10
mariellamaga,,2020-03-24 05:28:18.000000 UTC,2020-03-24 05:28:18.000000 UTC,,1,1
matthewwolfe,,2022-07-03 00:52:02.000000 UTC,2022-07-03 00:52:02.000000 UTC,,31,31
nextscenario,2022-08-03 08:24:03.000000 UTC,2022-08-03 08:24:05.000000 UTC,2022-08-03 08:24:03.000000 UTC,1,1,2
niknamelogin,2015-10-19 12:05:10.000000 UTC,2015-03-06 22:11:42.000000 UTC,2015-03-06 22:11:42.000000 UTC,2,2,4
nimitzeoauto,,2020-04-15 07:12:33.000000 UTC,2020-04-15 07:12:33.000000 UTC,,3,3
oldandboring,,2019-05-06 17:46:15.000000 UTC,2019-05-06 17:46:15.000000 UTC,,59,59
palashmohane,2018-03-23 01:49:58.000000 UTC,2018-04-07 06:03:56.000000 UTC,2018-03-23 01:49:58.000000 UTC,60,1,61
patrickfreed,,2017-07-06 04:14:27.000000 UTC,2017-07-06 04:14:27.000000 UTC,,8,8
quantumabyss,,2022-03-03 18:57:35.000000 UTC,2022-03-03 18:57:35.000000 UTC,,1,1
romanitalian,,2021-05-21 14:54:22.000000 UTC,2021-05-21 14:54:22.000000 UTC,,2,2
scotthartley,2017-03-27 20:13:25.000000 UTC,2017-03-27 20:16:53.000000 UTC,2017-03-27 20:13:25.000000 UTC,1,1,2
screwed-over,,2018-09-18 18:11:23.000000 UTC,2018-09-18 18:11:23.000000 UTC,,1,1
simianpirate,,2021-07-23 00:43:54.000000 UTC,2021-07-23 00:43:54.000000 UTC,,6,6
smooth_remmy,,2020-02-05 20:18:04.000000 UTC,2020-02-05 20:18:04.000000 UTC,,30,30
sushantanand,2009-11-22 19:29:31.000000 UTC,2009-11-20 23:17:09.000000 UTC,2009-11-20 23:17:09.000000 UTC,1,2,3
understand17,,2015-10-24 17:59:34.000000 UTC,2015-10-24 17:59:34.000000 UTC,,4,4
veganhouseDJ,,2022-03-03 20:21:08.000000 UTC,2022-03-03 20:21:08.000000 UTC,,50,50
violajsilver,,2016-05-11 09:02:35.000000 UTC,2016-05-11 09:02:35.000000 UTC,,1,1
vivekmadurai,,2013-10-03 08:07:24.000000 UTC,2013-10-03 08:07:24.000000 UTC,,3,3
yonoataraxia,,2018-05-15 09:10:05.000000 UTC,2018-05-15 09:10:05.000000 UTC,,25,25
AaronNewcomer,2018-08-07 17:35:30.000000 UTC,2015-05-21 20:04:32.000000 UTC,2015-05-21 20:04:32.000000 UTC,6,61,67
CharlieEadwyn,,2021-04-23 17:39:54.000000 UTC,2021-04-23 17:39:54.000000 UTC,,1,1
Geraldmalvo77,,2020-08-04 00:38:21.000000 UTC,2020-08-04 00:38:21.000000 UTC,,1,1
Masoodmustafa,,2022-04-17 22:29:22.000000 UTC,2022-04-17 22:29:22.000000 UTC,,2,2
Sardonosphere,,2018-08-10 16:07:51.000000 UTC,2018-08-10 16:07:51.000000 UTC,,1,1
Trailing2Dots,,2020-11-20 15:55:26.000000 UTC,2020-11-20 15:55:26.000000 UTC,,2,2
aNapierkowski,,2017-04-12 15:44:22.000000 UTC,2017-04-12 15:44:22.000000 UTC,,2,2
andreachimney,,2020-01-13 21:10:38.000000 UTC,2020-01-13 21:10:38.000000 UTC,,4,4
beardofbinary,,2013-02-20 11:04:27.000000 UTC,2013-02-20 11:04:27.000000 UTC,,1,1
birdieveritas,,2022-01-14 12:55:56.000000 UTC,2022-01-14 12:55:56.000000 UTC,,1,1
cov1dnineteen,,2020-04-03 02:12:27.000000 UTC,2020-04-03 02:12:27.000000 UTC,,1,1
crpietschmann,2020-05-11 14:12:33.000000 UTC,2022-08-26 15:20:56.000000 UTC,2020-05-11 14:12:33.000000 UTC,46,1,47
cultdeadcovid,2021-11-14 18:58:17.000000 UTC,2021-11-14 18:58:18.000000 UTC,2021-11-14 18:58:17.000000 UTC,1,3,4
dipakmehara05,,2016-01-20 14:51:03.000000 UTC,2016-01-20 14:51:03.000000 UTC,,1,1
elonlebouvich,2021-10-22 04:04:49.000000 UTC,2021-10-22 04:05:18.000000 UTC,2021-10-22 04:04:49.000000 UTC,1,1,2
essambastwesi,2015-03-17 21:16:33.000000 UTC,2015-03-17 21:38:18.000000 UTC,2015-03-17 21:16:33.000000 UTC,1,2,3
fuckthewhites,,2019-10-30 08:12:54.000000 UTC,2019-10-30 08:12:54.000000 UTC,,1,1
fungusAmongUs,,2018-04-14 15:12:28.000000 UTC,2018-04-14 15:12:28.000000 UTC,,2,2
fwdpropaganda,2017-07-25 11:57:13.000000 UTC,2017-06-17 10:32:03.000000 UTC,2017-06-17 10:32:03.000000 UTC,7,684,691
golanghacker4,,2015-04-29 18:20:22.000000 UTC,2015-04-29 18:20:22.000000 UTC,,3,3
hcorreasuarez,,2018-06-08 17:37:28.000000 UTC,2018-06-08 17:37:28.000000 UTC,,2,2
matyasrichter,,2022-02-04 18:12:50.000000 UTC,2022-02-04 18:12:50.000000 UTC,,30,30
mikhailabordo,2020-06-04 04:48:58.000000 UTC,2020-06-04 05:01:48.000000 UTC,2020-06-04 04:48:58.000000 UTC,21,3,24
missingPieces,,2018-11-17 21:09:18.000000 UTC,2018-11-17 21:09:18.000000 UTC,,2,2
nobodyspecial,,2011-04-27 14:04:23.000000 UTC,2011-04-27 14:04:23.000000 UTC,,5,5
ortheopposite,,2019-01-19 13:55:02.000000 UTC,2019-01-19 13:55:02.000000 UTC,,2,2
rafaelhaseyes,,2022-06-10 21:08:08.000000 UTC,2022-06-10 21:08:08.000000 UTC,,1,1
rayscondition,,2015-10-01 19:33:54.000000 UTC,2015-10-01 19:33:54.000000 UTC,,4,4
ryandougherty,2020-04-07 15:44:23.000000 UTC,2020-05-30 23:19:10.000000 UTC,2020-04-07 15:44:23.000000 UTC,14,1,15
s0l1dsnak3123,2009-09-13 19:21:11.000000 UTC,2012-11-26 17:53:09.000000 UTC,2009-09-13 19:21:11.000000 UTC,12,142,154
snorlaxmorlax,2022-10-04 12:29:15.000000 UTC,2022-09-29 11:04:38.000000 UTC,2022-09-29 11:04:38.000000 UTC,1,4,5
throwaway6767,,2022-02-04 23:09:19.000000 UTC,2022-02-04 23:09:19.000000 UTC,,1,1
throwaway7487,,2014-02-17 20:44:03.000000 UTC,2014-02-17 20:44:03.000000 UTC,,1,1
throwawy91316,,2016-09-14 03:15:29.000000 UTC,2016-09-14 03:15:29.000000 UTC,,1,1
twstdsistrs84,,2021-09-09 19:19:55.000000 UTC,2021-09-09 19:19:55.000000 UTC,,5,5
DabbyDabberson,,2020-05-07 16:37:32.000000 UTC,2020-05-07 16:37:32.000000 UTC,,27,27
DonaldPShimoda,2021-03-09 19:39:55.000000 UTC,2017-03-05 17:58:00.000000 UTC,2017-03-05 17:58:00.000000 UTC,2,522,524
EverywhereTrip,2022-02-12 21:32:10.000000 UTC,2021-06-12 02:53:41.000000 UTC,2021-06-12 02:53:41.000000 UTC,1,15,16
FlimFlamManolo,,2018-04-05 17:58:21.000000 UTC,2018-04-05 17:58:21.000000 UTC,,1,1
TheMichaelJohn,2021-07-12 15:46:03.000000 UTC,2021-07-12 15:53:48.000000 UTC,2021-07-12 15:46:03.000000 UTC,1,4,5
Vampires123432,,2016-07-21 15:49:36.000000 UTC,2016-07-21 15:49:36.000000 UTC,,21,21
aeuth93hot90hu,,2012-08-09 20:40:09.000000 UTC,2012-08-09 20:40:09.000000 UTC,,1,1
agilecharacter,,2019-08-15 05:54:04.000000 UTC,2019-08-15 05:54:04.000000 UTC,,1,1
alejandro_0213,,2021-11-30 16:36:12.000000 UTC,2021-11-30 16:36:12.000000 UTC,,1,1
catholicworker,,2018-10-24 00:42:02.000000 UTC,2018-10-24 00:42:02.000000 UTC,,1,1
commandshift90,,2016-05-18 13:31:34.000000 UTC,2016-05-18 13:31:34.000000 UTC,,5,5
contactproject,2021-12-06 14:16:31.000000 UTC,2021-12-06 14:16:32.000000 UTC,2021-12-06 14:16:31.000000 UTC,1,1,2
corecirculator,,2007-12-08 02:06:12.000000 UTC,2007-12-08 02:06:12.000000 UTC,,20,20
crazed_climber,,2013-10-21 18:34:31.000000 UTC,2013-10-21 18:34:31.000000 UTC,,2,2
dogismycopilot,2019-07-11 00:24:02.000000 UTC,2016-09-22 23:26:13.000000 UTC,2016-09-22 23:26:13.000000 UTC,1,26,27
filthyanimal22,2019-07-05 15:35:30.000000 UTC,2019-07-06 02:19:48.000000 UTC,2019-07-05 15:35:30.000000 UTC,1,2,3
jaredstenquist,2010-09-13 22:38:36.000000 UTC,2010-08-11 13:20:09.000000 UTC,2010-08-11 13:20:09.000000 UTC,9,120,129
jestersidekick,,2016-11-10 23:00:03.000000 UTC,2016-11-10 23:00:03.000000 UTC,,1,1
kennedycollins,2017-05-02 19:55:39.000000 UTC,2018-03-15 20:07:17.000000 UTC,2017-05-02 19:55:39.000000 UTC,9,3,12
language_ninja,,2017-07-06 02:51:40.000000 UTC,2017-07-06 02:51:40.000000 UTC,,1,1
marketdroid933,,2019-07-22 13:49:43.000000 UTC,2019-07-22 13:49:43.000000 UTC,,2,2
natethegreat89,,2021-08-15 01:56:10.000000 UTC,2021-08-15 01:56:10.000000 UTC,,2,2
nickstinemates,2013-07-22 17:03:12.000000 UTC,2013-06-19 02:57:57.000000 UTC,2013-06-19 02:57:57.000000 UTC,12,712,724
onlycommenting,,2015-11-18 12:58:41.000000 UTC,2015-11-18 12:58:41.000000 UTC,,13,13
parasite______,,2019-12-03 00:24:40.000000 UTC,2019-12-03 00:24:40.000000 UTC,,1,1
praveenkumar31,2015-08-24 22:46:23.000000 UTC,2018-06-28 09:15:58.000000 UTC,2015-08-24 22:46:23.000000 UTC,23,1,24
solatidorimafa,,2015-04-05 22:12:39.000000 UTC,2015-04-05 22:12:39.000000 UTC,,1,1
survivingtrump,,2016-11-09 07:38:38.000000 UTC,2016-11-09 07:38:38.000000 UTC,,1,1
technicalotter,2018-02-17 19:50:19.000000 UTC,2018-03-02 01:27:41.000000 UTC,2018-02-17 19:50:19.000000 UTC,2,1,3
throwairway123,,2019-09-20 02:19:30.000000 UTC,2019-09-20 02:19:30.000000 UTC,,1,1
throwaway59229,,2018-06-03 11:18:44.000000 UTC,2018-06-03 11:18:44.000000 UTC,,6,6
tort_artificer,2016-04-27 21:37:34.000000 UTC,2016-04-27 22:15:38.000000 UTC,2016-04-27 21:37:34.000000 UTC,1,1,2
tossawayacount,,2015-07-18 09:02:07.000000 UTC,2015-07-18 09:02:07.000000 UTC,,1,1
twilightcircus,,2018-06-17 00:40:53.000000 UTC,2018-06-17 00:40:53.000000 UTC,,1,1
whateverthisis,2020-03-13 13:20:11.000000 UTC,2019-11-21 15:56:14.000000 UTC,2019-11-21 15:56:14.000000 UTC,1,1,2
8v-0q_6-drhjp9x,,2020-07-23 03:43:27.000000 UTC,2020-07-23 03:43:27.000000 UTC,,1,1
JustinSeriously,2009-12-09 18:02:06.000000 UTC,2010-03-01 04:10:49.000000 UTC,2009-12-09 18:02:06.000000 UTC,16,63,79
YourSavingGrace,,2019-11-12 17:57:00.000000 UTC,2019-11-12 17:57:00.000000 UTC,,1,1
alexanderberman,2011-09-06 05:43:47.000000 UTC,2011-07-31 18:03:44.000000 UTC,2011-07-31 18:03:44.000000 UTC,4,14,18
awesomeandgreat,,2021-01-08 14:05:40.000000 UTC,2021-01-08 14:05:40.000000 UTC,,1,1
compliance_tech,,2019-07-31 18:51:03.000000 UTC,2019-07-31 18:51:03.000000 UTC,,2,2
normanvalentine,,2022-07-28 21:22:16.000000 UTC,2022-07-28 21:22:16.000000 UTC,,1,1
numerum-bestiae,,2017-07-14 17:44:28.000000 UTC,2017-07-14 17:44:28.000000 UTC,,4,4
philosophyfirst,,2022-09-12 02:04:51.000000 UTC,2022-09-12 02:04:51.000000 UTC,,1,1
pineapple-pizza,,2022-01-12 03:47:07.000000 UTC,2022-01-12 03:47:07.000000 UTC,,1,1
somesoftwaredev,,2017-08-26 20:04:50.000000 UTC,2017-08-26 20:04:50.000000 UTC,,1,1
throwaway6rusm2,,2016-05-16 18:37:08.000000 UTC,2016-05-16 18:37:08.000000 UTC,,1,1
throwaway765432,,2020-01-18 17:24:21.000000 UTC,2020-01-18 17:24:21.000000 UTC,,1,1
throwaway965802,,2022-01-18 00:47:08.000000 UTC,2022-01-18 00:47:08.000000 UTC,,1,1
writeonlymemory,,2017-07-15 10:07:15.000000 UTC,2017-07-15 10:07:15.000000 UTC,,1,1
youre_a_scammer,,2021-04-27 01:12:48.000000 UTC,2021-04-27 01:12:48.000000 UTC,,1,1
zeugmasyllepsis,,2014-05-09 11:08:52.000000 UTC,2014-05-09 11:08:52.000000 UTC,,44,44
0ql,2022-01-22 10:02:42.000000 UTC,,2022-01-22 10:02:42.000000 UTC,1,,1
V47,2021-11-09 06:57:16.000000 UTC,,2021-11-09 06:57:16.000000 UTC,1,,1
wwl,2011-10-12 14:25:26.000000 UTC,,2011-10-12 14:25:26.000000 UTC,2,,2
5329,2011-04-27 03:39:27.000000 UTC,,2011-04-27 03:39:27.000000 UTC,1,,1
ksqa,2020-07-29 02:44:41.000000 UTC,,2020-07-29 02:44:41.000000 UTC,1,,1
lela,2012-02-29 16:03:46.000000 UTC,,2012-02-29 16:03:46.000000 UTC,1,,1
td42,2017-01-20 06:16:18.000000 UTC,,2017-01-20 06:16:18.000000 UTC,1,,1
45930,2019-10-26 16:44:50.000000 UTC,,2019-10-26 16:44:50.000000 UTC,1,,1
egraf,2020-04-11 04:43:34.000000 UTC,,2020-04-11 04:43:34.000000 UTC,2,,2
jakto,2015-10-23 21:48:31.000000 UTC,,2015-10-23 21:48:31.000000 UTC,1,,1
koww3,2020-01-06 15:28:57.000000 UTC,,2020-01-06 15:28:57.000000 UTC,1,,1
kroch,2018-10-21 21:27:10.000000 UTC,,2018-10-21 21:27:10.000000 UTC,1,,1
lonah,2019-07-05 04:24:57.000000 UTC,,2019-07-05 04:24:57.000000 UTC,1,,1
smish,2013-10-15 00:41:39.000000 UTC,,2013-10-15 00:41:39.000000 UTC,4,,4
sug3r,2018-06-27 09:36:36.000000 UTC,,2018-06-27 09:36:36.000000 UTC,1,,1
thlee,2019-04-18 04:36:07.000000 UTC,,2019-04-18 04:36:07.000000 UTC,1,,1
toss2,2016-05-02 17:22:49.000000 UTC,,2016-05-02 17:22:49.000000 UTC,1,,1
w3mag,2010-04-09 13:21:59.000000 UTC,,2010-04-09 13:21:59.000000 UTC,1,,1
yaibe,2012-04-18 15:46:40.000000 UTC,,2012-04-18 15:46:40.000000 UTC,1,,1
Kaodin,2016-11-02 22:44:54.000000 UTC,,2016-11-02 22:44:54.000000 UTC,1,,1
Mi1108,2019-08-27 10:53:43.000000 UTC,,2019-08-27 10:53:43.000000 UTC,1,,1
Nids28,2017-09-12 08:51:27.000000 UTC,,2017-09-12 08:51:27.000000 UTC,1,,1
SP500A,2018-11-20 20:18:09.000000 UTC,,2018-11-20 20:18:09.000000 UTC,1,,1
ctchme,2017-10-16 11:02:29.000000 UTC,,2017-10-16 11:02:29.000000 UTC,1,,1
dre351,2009-08-27 16:53:38.000000 UTC,,2009-08-27 16:53:38.000000 UTC,1,,1
exubwr,2019-10-17 22:53:51.000000 UTC,,2019-10-17 22:53:51.000000 UTC,1,,1
fplist,2010-11-16 21:12:36.000000 UTC,,2010-11-16 21:12:36.000000 UTC,3,,3
gharip,2011-02-03 11:16:05.000000 UTC,,2011-02-03 11:16:05.000000 UTC,1,,1
hammed,2015-10-20 15:21:05.000000 UTC,,2015-10-20 15:21:05.000000 UTC,1,,1
kukars,2017-01-11 10:33:17.000000 UTC,,2017-01-11 10:33:17.000000 UTC,1,,1
levruf,2022-04-15 20:51:39.000000 UTC,,2022-04-15 20:51:39.000000 UTC,1,,1
lokraw,2018-02-25 22:12:36.000000 UTC,,2018-02-25 22:12:36.000000 UTC,1,,1
mathck,2015-04-14 16:42:07.000000 UTC,,2015-04-14 16:42:07.000000 UTC,1,,1
pruiti,2013-02-24 19:22:40.000000 UTC,,2013-02-24 19:22:40.000000 UTC,9,,9
qqloop,2012-03-19 07:20:14.000000 UTC,,2012-03-19 07:20:14.000000 UTC,2,,2
rayusa,2012-01-06 20:57:50.000000 UTC,,2012-01-06 20:57:50.000000 UTC,2,,2
sastee,2016-05-07 12:01:42.000000 UTC,,2016-05-07 12:01:42.000000 UTC,1,,1
vkpeel,2021-03-26 01:26:37.000000 UTC,,2021-03-26 01:26:37.000000 UTC,1,,1
x0digi,2020-05-02 23:32:11.000000 UTC,,2020-05-02 23:32:11.000000 UTC,1,,1
Srishti,2011-08-26 07:02:48.000000 UTC,,2011-08-26 07:02:48.000000 UTC,1,,1
Tangany,2018-12-03 12:50:27.000000 UTC,,2018-12-03 12:50:27.000000 UTC,2,,2
Tomas11,2015-09-10 12:32:29.000000 UTC,,2015-09-10 12:32:29.000000 UTC,1,,1
abhik42,2019-10-16 04:41:50.000000 UTC,,2019-10-16 04:41:50.000000 UTC,1,,1
akkarai,2017-01-20 12:49:52.000000 UTC,,2017-01-20 12:49:52.000000 UTC,1,,1
amimojo,2019-08-27 12:08:03.000000 UTC,,2019-08-27 12:08:03.000000 UTC,1,,1
archweb,2011-10-15 05:01:47.000000 UTC,,2011-10-15 05:01:47.000000 UTC,1,,1
cdarylb,2015-03-17 14:26:15.000000 UTC,,2015-03-17 14:26:15.000000 UTC,1,,1
eiguleo,2015-11-21 10:36:34.000000 UTC,,2015-11-21 10:36:34.000000 UTC,1,,1
elsiekn,2017-10-04 09:27:31.000000 UTC,,2017-10-04 09:27:31.000000 UTC,2,,2
finch12,2012-09-21 20:35:29.000000 UTC,,2012-09-21 20:35:29.000000 UTC,1,,1
henryyi,2018-05-09 19:15:29.000000 UTC,,2018-05-09 19:15:29.000000 UTC,1,,1
hideos5,2017-06-17 09:59:51.000000 UTC,,2017-06-17 09:59:51.000000 UTC,1,,1
honblok,2017-07-07 12:20:41.000000 UTC,,2017-07-07 12:20:41.000000 UTC,2,,2
imthe25,2016-02-23 10:26:00.000000 UTC,,2016-02-23 10:26:00.000000 UTC,1,,1
leeuroo,2013-08-22 15:21:30.000000 UTC,,2013-08-22 15:21:30.000000 UTC,3,,3
marius0,2010-07-21 12:11:01.000000 UTC,,2010-07-21 12:11:01.000000 UTC,1,,1
maxemu2,2010-11-18 00:17:42.000000 UTC,,2010-11-18 00:17:42.000000 UTC,1,,1
moalain,2017-04-10 12:57:50.000000 UTC,,2017-04-10 12:57:50.000000 UTC,1,,1
renwenk,2011-09-26 04:08:08.000000 UTC,,2011-09-26 04:08:08.000000 UTC,1,,1
roba123,2015-11-27 13:58:31.000000 UTC,,2015-11-27 13:58:31.000000 UTC,1,,1
simcha1,2022-08-17 04:50:02.000000 UTC,,2022-08-17 04:50:02.000000 UTC,1,,1
subodai,2019-09-22 16:26:48.000000 UTC,,2019-09-22 16:26:48.000000 UTC,1,,1
tedbloh,2010-08-26 16:37:29.000000 UTC,,2010-08-26 16:37:29.000000 UTC,1,,1
tommick,2013-11-06 12:46:50.000000 UTC,,2013-11-06 12:46:50.000000 UTC,1,,1
weakvar,2021-02-15 12:10:15.000000 UTC,,2021-02-15 12:10:15.000000 UTC,2,,2
widegab,2013-11-06 11:32:56.000000 UTC,,2013-11-06 11:32:56.000000 UTC,1,,1
BinBytes,2020-01-04 09:44:12.000000 UTC,,2020-01-04 09:44:12.000000 UTC,1,,1
Robogram,2019-11-12 13:49:06.000000 UTC,,2019-11-12 13:49:06.000000 UTC,31,,31
andysmth,2011-10-31 10:41:52.000000 UTC,,2011-10-31 10:41:52.000000 UTC,35,,35
anonelon,2015-09-24 02:00:49.000000 UTC,,2015-09-24 02:00:49.000000 UTC,1,,1
calmdown,2016-04-30 19:23:39.000000 UTC,,2016-04-30 19:23:39.000000 UTC,2,,2
cs172892,2018-08-19 02:04:25.000000 UTC,,2018-08-19 02:04:25.000000 UTC,2,,2
dengdeng,2022-09-21 06:43:12.000000 UTC,,2022-09-21 06:43:12.000000 UTC,1,,1
efreyreg,2016-05-26 20:09:58.000000 UTC,,2016-05-26 20:09:58.000000 UTC,1,,1
fuckuber,2014-01-01 07:35:58.000000 UTC,,2014-01-01 07:35:58.000000 UTC,1,,1
genieapp,2018-06-07 08:24:55.000000 UTC,,2018-06-07 08:24:55.000000 UTC,2,,2
homeplix,2019-02-06 11:54:32.000000 UTC,,2019-02-06 11:54:32.000000 UTC,1,,1
jatak007,2021-04-06 14:42:06.000000 UTC,,2021-04-06 14:42:06.000000 UTC,4,,4
metakios,2020-01-25 23:48:08.000000 UTC,,2020-01-25 23:48:08.000000 UTC,1,,1
nac56lrz,2012-04-14 11:57:50.000000 UTC,,2012-04-14 11:57:50.000000 UTC,1,,1
pierrowS,2011-11-28 15:45:52.000000 UTC,,2011-11-28 15:45:52.000000 UTC,1,,1
pinkness,2012-01-30 06:29:41.000000 UTC,,2012-01-30 06:29:41.000000 UTC,2,,2
salman36,2011-03-07 21:54:47.000000 UTC,,2011-03-07 21:54:47.000000 UTC,1,,1
sklinkss,2014-06-07 18:50:17.000000 UTC,,2014-06-07 18:50:17.000000 UTC,1,,1
studyedu,2019-03-27 23:27:04.000000 UTC,,2019-03-27 23:27:04.000000 UTC,1,,1
swismahi,2011-06-13 07:13:03.000000 UTC,,2011-06-13 07:13:03.000000 UTC,1,,1
temp4242,2021-09-09 10:57:33.000000 UTC,,2021-09-09 10:57:33.000000 UTC,1,,1
ttngames,2020-01-29 09:57:25.000000 UTC,,2020-01-29 09:57:25.000000 UTC,1,,1
ukhotels,2010-07-12 18:16:15.000000 UTC,,2010-07-12 18:16:15.000000 UTC,2,,2
vicchern,2021-07-19 10:54:25.000000 UTC,,2021-07-19 10:54:25.000000 UTC,1,,1
volfgang,2012-08-24 13:01:41.000000 UTC,,2012-08-24 13:01:41.000000 UTC,1,,1
yoootito,2017-05-20 18:18:30.000000 UTC,,2017-05-20 18:18:30.000000 UTC,1,,1
Gotoforms,2012-04-25 07:50:54.000000 UTC,,2012-04-25 07:50:54.000000 UTC,1,,1
LeslieB99,2013-06-08 12:54:07.000000 UTC,,2013-06-08 12:54:07.000000 UTC,1,,1
Tech_Guru,2015-07-26 22:00:57.000000 UTC,,2015-07-26 22:00:57.000000 UTC,3,,3
arpesenti,2014-08-07 08:22:20.000000 UTC,,2014-08-07 08:22:20.000000 UTC,1,,1
brainaxe1,2017-03-18 10:06:07.000000 UTC,,2017-03-18 10:06:07.000000 UTC,2,,2
brooksbee,2020-08-06 21:57:45.000000 UTC,,2020-08-06 21:57:45.000000 UTC,1,,1
clefevre4,2020-10-27 06:46:31.000000 UTC,,2020-10-27 06:46:31.000000 UTC,1,,1
fgjhfdjhg,2011-08-16 12:51:14.000000 UTC,,2011-08-16 12:51:14.000000 UTC,1,,1
henalbrod,2019-11-03 21:57:42.000000 UTC,,2019-11-03 21:57:42.000000 UTC,2,,2
itechno20,2021-02-10 16:46:01.000000 UTC,,2021-02-10 16:46:01.000000 UTC,1,,1
jruss0514,2014-07-28 11:21:55.000000 UTC,,2014-07-28 11:21:55.000000 UTC,1,,1
kevin3173,2018-10-04 15:31:30.000000 UTC,,2018-10-04 15:31:30.000000 UTC,1,,1
lanflkqfb,2012-04-28 05:52:32.000000 UTC,,2012-04-28 05:52:32.000000 UTC,1,,1
mastoloni,2011-08-31 10:15:32.000000 UTC,,2011-08-31 10:15:32.000000 UTC,2,,2
nickjiang,2019-04-24 00:07:57.000000 UTC,,2019-04-24 00:07:57.000000 UTC,10,,10
orbrown22,2013-08-29 05:59:26.000000 UTC,,2013-08-29 05:59:26.000000 UTC,1,,1
pchavez86,2014-06-19 17:37:25.000000 UTC,,2014-06-19 17:37:25.000000 UTC,2,,2
plcladder,2009-06-24 06:22:14.000000 UTC,,2009-06-24 06:22:14.000000 UTC,1,,1
qrutledge,2019-07-09 03:34:07.000000 UTC,,2019-07-09 03:34:07.000000 UTC,1,,1
robischon,2014-02-20 01:48:55.000000 UTC,,2014-02-20 01:48:55.000000 UTC,1,,1
ryder2012,2019-09-02 20:45:20.000000 UTC,,2019-09-02 20:45:20.000000 UTC,1,,1
scuttle22,2016-07-20 16:05:32.000000 UTC,,2016-07-20 16:05:32.000000 UTC,2,,2
sivaleela,2018-02-24 13:57:15.000000 UTC,,2018-02-24 13:57:15.000000 UTC,7,,7
sodiumsun,2015-11-12 04:29:51.000000 UTC,,2015-11-12 04:29:51.000000 UTC,5,,5
soulfriek,2010-02-05 21:40:43.000000 UTC,,2010-02-05 21:40:43.000000 UTC,2,,2
thari_mad,2018-09-18 09:44:45.000000 UTC,,2018-09-18 09:44:45.000000 UTC,1,,1
tommhardy,2011-12-24 05:32:05.000000 UTC,,2011-12-24 05:32:05.000000 UTC,1,,1
trustedin,2019-08-23 22:01:20.000000 UTC,,2019-08-23 22:01:20.000000 UTC,1,,1
vishnuchi,2019-12-26 03:38:51.000000 UTC,,2019-12-26 03:38:51.000000 UTC,18,,18
wozwoz123,2012-08-28 15:52:00.000000 UTC,,2012-08-28 15:52:00.000000 UTC,1,,1
yash_1204,2022-11-03 16:43:40.000000 UTC,,2022-11-03 16:43:40.000000 UTC,1,,1
ExactHacks,2017-06-01 11:04:49.000000 UTC,,2017-06-01 11:04:49.000000 UTC,41,,41
GeekPython,2022-01-18 08:09:13.000000 UTC,,2022-01-18 08:09:13.000000 UTC,12,,12
Gistsystem,2019-06-17 14:10:28.000000 UTC,,2019-06-17 14:10:28.000000 UTC,1,,1
NikosK1337,2020-12-08 22:42:08.000000 UTC,,2020-12-08 22:42:08.000000 UTC,1,,1
RickSumlin,2012-02-08 12:30:56.000000 UTC,,2012-02-08 12:30:56.000000 UTC,1,,1
addicrocks,2011-04-19 11:06:39.000000 UTC,,2011-04-19 11:06:39.000000 UTC,8,,8
coderick14,2017-05-20 19:12:07.000000 UTC,,2017-05-20 19:12:07.000000 UTC,2,,2
danieleli2,2011-04-21 19:15:57.000000 UTC,,2011-04-21 19:15:57.000000 UTC,1,,1
davedawson,2014-01-14 21:15:01.000000 UTC,,2014-01-14 21:15:01.000000 UTC,2,,2
driftmusic,2018-12-26 09:46:12.000000 UTC,,2018-12-26 09:46:12.000000 UTC,1,,1
fainerkhon,2011-06-01 04:28:27.000000 UTC,,2011-06-01 04:28:27.000000 UTC,1,,1
gemmamilne,2019-09-11 10:51:44.000000 UTC,,2019-09-11 10:51:44.000000 UTC,9,,9
jailsonjan,2013-04-08 13:39:47.000000 UTC,,2013-04-08 13:39:47.000000 UTC,2,,2
jatekos102,2014-04-14 11:46:40.000000 UTC,,2014-04-14 11:46:40.000000 UTC,1,,1
mestules77,2014-03-12 14:11:00.000000 UTC,,2014-03-12 14:11:00.000000 UTC,1,,1
murthy1770,2015-05-25 17:44:57.000000 UTC,,2015-05-25 17:44:57.000000 UTC,1,,1
newhomeskc,2009-05-22 16:41:31.000000 UTC,,2009-05-22 16:41:31.000000 UTC,1,,1
rvndnishad,2018-08-01 14:19:52.000000 UTC,,2018-08-01 14:19:52.000000 UTC,1,,1
sharafadin,2019-05-26 21:56:07.000000 UTC,,2019-05-26 21:56:07.000000 UTC,1,,1
trendztime,2012-04-13 18:34:37.000000 UTC,,2012-04-13 18:34:37.000000 UTC,2,,2
trystroied,2019-10-02 07:45:16.000000 UTC,,2019-10-02 07:45:16.000000 UTC,1,,1
walletever,2019-03-07 08:09:22.000000 UTC,,2019-03-07 08:09:22.000000 UTC,4,,4
01141482209,2016-12-06 14:52:18.000000 UTC,,2016-12-06 14:52:18.000000 UTC,1,,1
Ge9rg3Br0wn,2011-12-01 01:56:25.000000 UTC,,2011-12-01 01:56:25.000000 UTC,1,,1
Jaydensmith,2016-05-02 11:39:13.000000 UTC,,2016-05-02 11:39:13.000000 UTC,1,,1
SaeedaAhmed,2015-10-22 12:50:32.000000 UTC,,2015-10-22 12:50:32.000000 UTC,1,,1
StevenSmith,2018-09-20 01:42:49.000000 UTC,,2018-09-20 01:42:49.000000 UTC,2,,2
WathesRawye,2022-10-13 05:38:54.000000 UTC,,2022-10-13 05:38:54.000000 UTC,1,,1
agrawalamey,2018-03-30 19:30:20.000000 UTC,,2018-03-30 19:30:20.000000 UTC,1,,1
astha_sethi,2018-09-25 06:31:12.000000 UTC,,2018-09-25 06:31:12.000000 UTC,42,,42
bcarbonieri,2018-10-31 15:39:49.000000 UTC,,2018-10-31 15:39:49.000000 UTC,2,,2
dennisfrost,2014-01-08 01:30:18.000000 UTC,,2014-01-08 01:30:18.000000 UTC,1,,1
grassh0pper,2021-02-07 18:32:04.000000 UTC,,2021-02-07 18:32:04.000000 UTC,1,,1
juneadwordd,2010-07-08 06:27:24.000000 UTC,,2010-07-08 06:27:24.000000 UTC,66,,66
kungfusheep,2019-04-18 15:07:18.000000 UTC,,2019-04-18 15:07:18.000000 UTC,1,,1
leeyadianh7,2012-07-27 07:54:17.000000 UTC,,2012-07-27 07:54:17.000000 UTC,1,,1
luthrasunny,2015-08-05 07:36:16.000000 UTC,,2015-08-05 07:36:16.000000 UTC,1,,1
martinvayle,2011-06-15 04:28:49.000000 UTC,,2011-06-15 04:28:49.000000 UTC,1,,1
naveen24000,2021-02-28 17:54:31.000000 UTC,,2021-02-28 17:54:31.000000 UTC,1,,1
rachid-illi,2013-01-10 23:34:12.000000 UTC,,2013-01-10 23:34:12.000000 UTC,1,,1
rickipickle,2015-09-25 22:46:24.000000 UTC,,2015-09-25 22:46:24.000000 UTC,2,,2
tushardalvi,2011-08-03 13:16:24.000000 UTC,,2011-08-03 13:16:24.000000 UTC,2,,2
vidhyavidhu,2019-04-17 06:05:54.000000 UTC,,2019-04-17 06:05:54.000000 UTC,1,,1
Carolann2393,2020-05-08 16:38:40.000000 UTC,,2020-05-08 16:38:40.000000 UTC,1,,1
DarkAngel344,2020-06-28 00:42:49.000000 UTC,,2020-06-28 00:42:49.000000 UTC,1,,1
DawnBossLady,2015-11-23 19:15:17.000000 UTC,,2015-11-23 19:15:17.000000 UTC,1,,1
HarveyDanger,2013-02-28 13:11:00.000000 UTC,,2013-02-28 13:11:00.000000 UTC,7,,7
NomanAliDude,2016-12-26 09:24:41.000000 UTC,,2016-12-26 09:24:41.000000 UTC,1,,1
alia20081212,2020-04-19 15:15:18.000000 UTC,,2020-04-19 15:15:18.000000 UTC,1,,1
andressantgo,2016-07-21 20:56:21.000000 UTC,,2016-07-21 20:56:21.000000 UTC,2,,2
anglachelone,2021-03-20 08:24:15.000000 UTC,,2021-03-20 08:24:15.000000 UTC,2,,2
appmaker_xyz,2020-01-31 09:10:49.000000 UTC,,2020-01-31 09:10:49.000000 UTC,1,,1
danidelvalle,2016-08-23 11:52:28.000000 UTC,,2016-08-23 11:52:28.000000 UTC,5,,5
factory_asia,2021-02-25 07:48:56.000000 UTC,,2021-02-25 07:48:56.000000 UTC,2,,2
forstreaming,2021-04-11 20:43:40.000000 UTC,,2021-04-11 20:43:40.000000 UTC,1,,1
innerdigital,2016-01-21 16:34:49.000000 UTC,,2016-01-21 16:34:49.000000 UTC,2,,2
jamiuoloyede,2019-06-01 05:57:27.000000 UTC,,2019-06-01 05:57:27.000000 UTC,1,,1
josaysthings,2018-11-27 21:26:26.000000 UTC,,2018-11-27 21:26:26.000000 UTC,1,,1
matteomelani,2012-04-09 06:45:24.000000 UTC,,2012-04-09 06:45:24.000000 UTC,2,,2
ndcreativity,2016-08-27 20:22:43.000000 UTC,,2016-08-27 20:22:43.000000 UTC,1,,1
shawlmartina,2009-02-06 09:10:05.000000 UTC,,2009-02-06 09:10:05.000000 UTC,6,,6
sheena_visme,2016-11-10 04:01:19.000000 UTC,,2016-11-10 04:01:19.000000 UTC,2,,2
shikherverma,2016-05-28 18:47:55.000000 UTC,,2016-05-28 18:47:55.000000 UTC,5,,5
smileandwave,2014-10-29 22:37:12.000000 UTC,,2014-10-29 22:37:12.000000 UTC,1,,1
startupgirls,2017-11-02 07:03:38.000000 UTC,,2017-11-02 07:03:38.000000 UTC,1,,1
surfaceexpsc,2019-06-15 05:52:49.000000 UTC,,2019-06-15 05:52:49.000000 UTC,1,,1
theeatenpath,2015-11-30 13:47:44.000000 UTC,,2015-11-30 13:47:44.000000 UTC,1,,1
usernamepass,2013-01-20 05:12:02.000000 UTC,,2013-01-20 05:12:02.000000 UTC,1,,1
VentureStudio,2011-04-12 15:15:16.000000 UTC,,2011-04-12 15:15:16.000000 UTC,6,,6
akashpattnaik,2022-10-18 07:26:03.000000 UTC,,2022-10-18 07:26:03.000000 UTC,7,,7
areejkhwaldeh,2018-02-02 19:03:09.000000 UTC,,2018-02-02 19:03:09.000000 UTC,1,,1
citizen_kaned,2020-06-07 18:25:20.000000 UTC,,2020-06-07 18:25:20.000000 UTC,1,,1
elektriksatis,2015-12-28 18:33:42.000000 UTC,,2015-12-28 18:33:42.000000 UTC,1,,1
endersreynad8,2018-10-07 18:00:28.000000 UTC,,2018-10-07 18:00:28.000000 UTC,7,,7
fmarketinggrp,2012-01-24 16:35:02.000000 UTC,,2012-01-24 16:35:02.000000 UTC,17,,17
joshdavis1221,2018-12-14 18:06:44.000000 UTC,,2018-12-14 18:06:44.000000 UTC,1,,1
mcsindustrial,2011-10-03 09:05:19.000000 UTC,,2011-10-03 09:05:19.000000 UTC,2,,2
nasirhawlader,2018-09-13 08:31:24.000000 UTC,,2018-09-13 08:31:24.000000 UTC,1,,1
newslookupnow,2017-04-23 21:52:58.000000 UTC,,2017-04-23 21:52:58.000000 UTC,1,,1
nitzpetter657,2022-04-22 18:50:01.000000 UTC,,2022-04-22 18:50:01.000000 UTC,2,,2
penkey_suresh,2019-12-24 18:01:06.000000 UTC,,2019-12-24 18:01:06.000000 UTC,1,,1
servicevmodel,2009-06-30 07:21:14.000000 UTC,,2009-06-30 07:21:14.000000 UTC,1,,1
throwaway0099,2017-04-26 00:05:00.000000 UTC,,2017-04-26 00:05:00.000000 UTC,1,,1
TruthDetective,2021-09-11 02:00:56.000000 UTC,,2021-09-11 02:00:56.000000 UTC,1,,1
hearplayground,2010-07-16 11:11:32.000000 UTC,,2010-07-16 11:11:32.000000 UTC,1,,1
klebervirgilio,2017-09-12 23:55:10.000000 UTC,,2017-09-12 23:55:10.000000 UTC,1,,1
kumarshivratna,2018-10-22 05:31:32.000000 UTC,,2018-10-22 05:31:32.000000 UTC,1,,1
stockoptions55,2019-05-06 01:43:13.000000 UTC,,2019-05-06 01:43:13.000000 UTC,1,,1
travel_explore,2017-02-05 22:34:16.000000 UTC,,2017-02-05 22:34:16.000000 UTC,1,,1
IfYouHaveToAsk9,2015-02-18 00:12:51.000000 UTC,,2015-02-18 00:12:51.000000 UTC,1,,1
MrInternetCoach,2014-10-05 20:24:06.000000 UTC,,2014-10-05 20:24:06.000000 UTC,1,,1
RageoftheRobots,2021-09-18 17:21:28.000000 UTC,,2021-09-18 17:21:28.000000 UTC,97,,97
Shauna_Mc_Bride,2016-04-01 14:44:17.000000 UTC,,2016-04-01 14:44:17.000000 UTC,4,,4
Stefano13stk170,2017-05-06 05:19:37.000000 UTC,,2017-05-06 05:19:37.000000 UTC,1,,1
akshaymangla786,2015-05-27 09:58:32.000000 UTC,,2015-05-27 09:58:32.000000 UTC,2,,2
besdissertation,2011-10-28 05:10:36.000000 UTC,,2011-10-28 05:10:36.000000 UTC,1,,1
doglethercollar,2017-08-11 06:01:22.000000 UTC,,2017-08-11 06:01:22.000000 UTC,3,,3
eduardobaitello,2019-02-20 01:10:25.000000 UTC,,2019-02-20 01:10:25.000000 UTC,7,,7
freeprogram0909,2020-06-09 22:35:55.000000 UTC,,2020-06-09 22:35:55.000000 UTC,1,,1
jedi_vigilante1,2018-11-14 17:44:52.000000 UTC,,2018-11-14 17:44:52.000000 UTC,5,,5
spacehqprotofit,2016-04-07 21:55:44.000000 UTC,,2016-04-07 21:55:44.000000 UTC,1,,1
tmknvjdqkff3g5r,2019-12-12 15:55:51.000000 UTC,,2019-12-12 15:55:51.000000 UTC,1,,1
tossawayaccount,2014-06-08 18:51:38.000000 UTC,,2014-06-08 18:51:38.000000 UTC,1,,1
rhc,2011-08-28 19:41:34.000000 UTC,,2011-08-28 19:41:34.000000 UTC,4,,4
DUGN,2014-04-02 14:24:13.000000 UTC,,2014-04-02 14:24:13.000000 UTC,1,,1
odec,2019-09-12 18:58:57.000000 UTC,,2019-09-12 18:58:57.000000 UTC,1,,1
ycyd,2017-01-30 10:29:36.000000 UTC,,2017-01-30 10:29:36.000000 UTC,1,,1
averi,2012-11-22 13:29:24.000000 UTC,,2012-11-22 13:29:24.000000 UTC,4,,4
mark8,2017-04-03 04:30:12.000000 UTC,,2017-04-03 04:30:12.000000 UTC,1,,1
mmags,2021-12-05 08:03:32.000000 UTC,,2021-12-05 08:03:32.000000 UTC,1,,1
klswcz,2019-11-09 23:08:11.000000 UTC,,2019-11-09 23:08:11.000000 UTC,1,,1
lvogel,2020-08-31 15:34:00.000000 UTC,,2020-08-31 15:34:00.000000 UTC,1,,1
nand0p,2020-06-01 17:59:20.000000 UTC,,2020-06-01 17:59:20.000000 UTC,1,,1
drsnaut,2017-03-16 08:22:05.000000 UTC,,2017-03-16 08:22:05.000000 UTC,1,,1
gilmrjc,2016-11-28 21:32:25.000000 UTC,,2016-11-28 21:32:25.000000 UTC,2,,2
hanmd82,2016-06-29 00:50:42.000000 UTC,,2016-06-29 00:50:42.000000 UTC,2,,2
milotsh,2015-04-25 14:55:54.000000 UTC,,2015-04-25 14:55:54.000000 UTC,1,,1
praglib,2012-07-23 02:50:43.000000 UTC,,2012-07-23 02:50:43.000000 UTC,2,,2
pstrait,2008-11-27 22:45:58.000000 UTC,,2008-11-27 22:45:58.000000 UTC,1,,1
cbenguhe,2020-02-15 20:45:41.000000 UTC,,2020-02-15 20:45:41.000000 UTC,1,,1
departer,2014-07-16 20:52:25.000000 UTC,,2014-07-16 20:52:25.000000 UTC,1,,1
hikalkan,2017-02-25 18:59:24.000000 UTC,,2017-02-25 18:59:24.000000 UTC,1,,1
mohamedi,2018-02-06 16:42:06.000000 UTC,,2018-02-06 16:42:06.000000 UTC,1,,1
rodzillr,2021-04-20 16:28:28.000000 UTC,,2021-04-20 16:28:28.000000 UTC,1,,1
utippler,2020-04-16 19:44:39.000000 UTC,,2020-04-16 19:44:39.000000 UTC,4,,4
Mouseover,2009-05-06 02:17:53.000000 UTC,,2009-05-06 02:17:53.000000 UTC,2,,2
danamas87,2015-02-05 20:42:08.000000 UTC,,2015-02-05 20:42:08.000000 UTC,1,,1
Arustamian,2020-06-07 21:03:22.000000 UTC,,2020-06-07 21:03:22.000000 UTC,1,,1
MRandersson,2013-08-28 15:50:38.000000 UTC,,2013-08-28 15:50:38.000000 UTC,1,,1
anonymister,2011-05-30 19:26:02.000000 UTC,,2011-05-30 19:26:02.000000 UTC,1,,1
horustracer,2020-08-06 17:30:38.000000 UTC,,2020-08-06 17:30:38.000000 UTC,1,,1
jeremygalen,2013-12-04 18:54:45.000000 UTC,,2013-12-04 18:54:45.000000 UTC,1,,1
parrotmolko,2013-10-18 14:41:02.000000 UTC,,2013-10-18 14:41:02.000000 UTC,1,,1
tcristobalr,2013-05-27 13:05:40.000000 UTC,,2013-05-27 13:05:40.000000 UTC,1,,1
basschoenmakers,2014-12-05 17:15:58.000000 UTC,,2014-12-05 17:15:58.000000 UTC,1,,1
leonardburtonho,2014-11-10 18:06:36.000000 UTC,,2014-11-10 18:06:36.000000 UTC,1,,1
panif,2013-07-10 22:49:27.000000 UTC,,2013-07-10 22:49:27.000000 UTC,1,,1
kcyeap,2012-09-18 04:14:15.000000 UTC,,2012-09-18 04:14:15.000000 UTC,2,,2
fredben,2010-08-19 07:57:57.000000 UTC,,2010-08-19 07:57:57.000000 UTC,1,,1
mrwendel,2017-07-10 21:49:58.000000 UTC,,2017-07-10 21:49:58.000000 UTC,1,,1
anonjrdev,2020-04-18 19:40:45.000000 UTC,,2020-04-18 19:40:45.000000 UTC,1,,1
ndsweeney,2012-11-09 14:59:39.000000 UTC,,2012-11-09 14:59:39.000000 UTC,1,,1
MustyRabiu,2012-03-21 01:22:28.000000 UTC,,2012-03-21 01:22:28.000000 UTC,1,,1
helloxxxxx,2013-02-04 23:24:28.000000 UTC,,2013-02-04 23:24:28.000000 UTC,1,,1
jasonhabing,2013-10-14 20:59:31.000000 UTC,,2013-10-14 20:59:31.000000 UTC,1,,1
dandelgrosso,2012-06-09 00:24:00.000000 UTC,,2012-06-09 00:24:00.000000 UTC,2,,2
marekgalovic,2015-09-13 12:20:41.000000 UTC,,2015-09-13 12:20:41.000000 UTC,2,,2
arseny_emchik,2019-10-24 08:55:04.000000 UTC,,2019-10-24 08:55:04.000000 UTC,1,,1
irenetrampoline,2016-04-27 19:49:33.000000 UTC,,2016-04-27 19:49:33.000000 UTC,6,,6
Kvetch,2016-03-27 16:06:35.000000 UTC,,2016-03-27 16:06:35.000000 UTC,1,,1
mattdalpe,2017-12-25 23:49:40.000000 UTC,,2017-12-25 23:49:40.000000 UTC,1,,1
cdoubled40,2016-07-24 19:32:49.000000 UTC,,2016-07-24 19:32:49.000000 UTC,1,,1
minimalize,2017-03-17 01:24:29.000000 UTC,,2017-03-17 01:24:29.000000 UTC,1,,1
pkissinger,2010-07-22 20:02:35.000000 UTC,,2010-07-22 20:02:35.000000 UTC,1,,1
RantLang,2017-04-19 16:09:49.000000 UTC,,2017-04-19 16:09:49.000000 UTC,1,,1
authquestions,2020-10-24 20:38:03.000000 UTC,,2020-10-24 20:38:03.000000 UTC,1,,1
throwaway_rsu,2016-03-22 15:02:08.000000 UTC,,2016-03-22 15:02:08.000000 UTC,1,,1
neeils,2018-10-17 02:50:34.000000 UTC,,2018-10-17 02:50:34.000000 UTC,1,,1
diamondbaby,2011-03-27 05:32:14.000000 UTC,,2011-03-27 05:32:14.000000 UTC,1,,1
vanderhoop,2020-03-12 16:29:28.000000 UTC,,2020-03-12 16:29:28.000000 UTC,1,,1
seekadvice2020,2020-01-18 04:58:16.000000 UTC,,2020-01-18 04:58:16.000000 UTC,1,,1
arboral,2020-01-11 19:55:21.000000 UTC,,2020-01-11 19:55:21.000000 UTC,1,,1
throwaway611,2015-11-06 12:07:46.000000 UTC,,2015-11-06 12:07:46.000000 UTC,1,,1
jibee,2022-06-28 05:28:25.000000 UTC,,2022-06-28 05:28:25.000000 UTC,1,,1